Time[20ns],Data[7:0],Status[2:0],/RDY,/ASTB,/TR,/RST,/TE
0,0,1,1,1,1,1,0
1,0,1,1,1,1,1,0
2,0,1,1,1,1,1,0
3,0,1,1,1,1,1,0
4,0,1,1,1,1,1,0
5,0,1,1,1,1,1,0
6,0,1,1,1,1,1,0
25499734,0,1,1,1,1,1,0
25501431,0,1,1,1,1,1,1
25501466,33,1,1,1,1,1,1
25501491,33,1,0,1,1,1,1
25501504,33,1,0,0,1,1,1
25501517,33,1,0,1,1,1,1
25501609,33,1,1,1,1,1,1
25501641,0,1,1,1,1,1,1
25501665,0,1,0,1,1,1,1
25501678,0,1,0,0,1,1,1
25501692,0,1,0,1,1,1,1
25501778,0,1,1,1,1,1,1
25501806,0,1,0,1,1,1,1
25501819,0,1,0,0,1,1,1
25501842,0,1,0,1,1,1,1
25501916,0,1,1,1,1,1,1
25501939,0,1,0,1,1,1,1
25501952,0,1,0,0,1,1,1
25501967,0,1,0,1,1,1,1
25502053,0,1,1,1,1,1,1
25502080,0,1,0,1,1,1,1
25502093,0,1,0,0,1,1,1
25502105,0,1,0,1,1,1,1
25502190,0,1,1,1,1,1,1
25502213,0,1,0,1,1,1,1
25502226,0,1,0,0,1,1,1
25502242,0,1,0,1,1,1,1
25502415,0,1,1,1,1,1,1
25502435,0,1,0,1,1,1,1
25502448,0,1,0,0,1,1,1
25502467,0,1,0,1,1,1,1
25502518,0,1,1,1,1,1,1
25502553,2,1,1,1,1,1,1
25502576,2,1,0,1,1,1,1
25502590,2,1,0,0,1,1,1
25502604,2,1,0,1,1,1,1
25502659,2,1,1,1,1,1,1
25502690,0,1,1,1,1,1,1
25502717,0,1,0,1,1,1,1
25502731,0,1,0,0,1,1,1
25502742,0,1,0,1,1,1,1
25502775,0,1,1,1,1,1,1
25522653,0,0,1,1,1,1,1
25522661,0,0,1,1,0,1,1
25522662,96,3,1,1,0,1,1
25522671,0,3,1,1,0,1,1
25522672,16,3,1,1,0,1,1
25522673,12,3,1,1,0,1,1
25522674,58,3,1,1,0,1,1
25522675,32,3,1,1,0,1,1
25522676,0,3,1,1,0,1,1
25522677,1,3,1,1,0,1,1
25525688,0,3,1,1,0,1,1
25525689,127,3,1,1,0,1,0
25525691,255,3,1,1,0,1,0
25525707,127,3,1,1,0,1,0
25525708,121,3,1,1,0,1,0
25525729,32,3,1,1,0,1,0
25525861,33,3,1,1,0,1,0
25525883,33,3,0,1,0,1,0
25525897,33,3,0,0,0,1,0
25525912,33,3,0,1,0,1,0
25525951,33,3,1,1,0,1,0
25525952,35,3,1,1,0,1,0
25526498,2,3,1,1,0,1,0
25526521,2,3,0,1,0,1,0
25526534,2,3,0,0,0,1,0
25526549,2,3,0,1,0,1,0
25526589,2,3,1,1,0,1,0
25526623,88,3,1,1,0,1,0
25526646,88,3,0,1,0,1,0
25526659,88,3,0,0,0,1,0
25526674,88,3,0,1,0,1,0
25526714,88,3,1,1,0,1,0
25526748,0,3,1,1,0,1,0
25526770,0,3,0,1,0,1,0
25526784,0,3,0,0,0,1,0
25526799,0,3,0,1,0,1,0
25526838,0,3,1,1,0,1,0
25526873,125,3,1,1,0,1,0
25526895,125,3,0,1,0,1,0
25526909,125,3,0,0,0,1,0
25526924,125,3,0,1,0,1,0
25526964,125,3,1,1,0,1,0
25526998,42,3,1,1,0,1,0
25527020,42,3,0,1,0,1,0
25527033,42,3,0,0,0,1,0
25527049,42,3,0,1,0,1,0
25527088,42,3,1,1,0,1,0
25527089,226,3,1,1,0,1,0
25527160,194,3,1,1,0,1,0
25527185,194,3,0,1,0,1,0
25527199,194,3,0,0,0,1,0
25527212,194,3,0,1,0,1,0
25527245,194,3,1,1,0,1,0
25527246,250,3,1,1,0,1,0
25527285,248,3,1,1,0,1,0
25527310,248,3,0,1,0,1,0
25527324,248,3,0,0,0,1,0
25527337,248,3,0,1,0,1,0
25527379,248,3,1,1,0,1,0
25527410,52,3,1,1,0,1,0
25527435,52,3,0,1,0,1,0
25527448,52,3,0,0,0,1,0
25527462,52,3,0,1,0,1,0
25527503,52,3,1,1,0,1,0
25527504,37,3,1,1,0,1,0
25527535,1,3,1,1,0,1,0
25527560,1,3,0,1,0,1,0
25527573,1,3,0,0,0,1,0
25527587,1,3,0,1,0,1,0
25527628,1,3,1,1,0,1,0
25527660,0,3,1,1,0,1,0
25527684,0,3,0,1,0,1,0
25527698,0,3,0,0,0,1,0
25527712,0,3,0,1,0,1,0
25527752,0,3,1,1,0,1,0
25527785,12,3,1,1,0,1,0
25527809,12,3,0,1,0,1,0
25527823,12,3,0,0,0,1,0
25527837,12,3,0,1,0,1,0
25527877,12,3,1,1,0,1,0
25527878,173,3,1,1,0,1,0
25527948,161,3,1,1,0,1,0
25527975,161,3,0,1,0,1,0
25527988,161,3,0,0,0,1,0
25528012,161,3,0,1,0,1,0
25528051,161,3,1,1,0,1,0
25528073,47,3,1,1,0,1,0
25528100,47,3,0,1,0,1,0
25528113,47,3,0,0,0,1,0
25528124,47,3,0,1,0,1,0
25528160,47,3,1,1,0,1,0
25528198,33,3,1,1,0,1,0
25528224,33,3,0,1,0,1,0
25528238,33,3,0,0,0,1,0
25528249,33,3,0,1,0,1,0
25528284,33,3,1,1,0,1,0
25528285,39,3,1,1,0,1,0
25528323,14,3,1,1,0,1,0
25528349,14,3,0,1,0,1,0
25528362,14,3,0,0,0,1,0
25528374,14,3,0,1,0,1,0
25528410,14,3,1,1,0,1,0
25528448,2,3,1,1,0,1,0
25528474,2,3,0,1,0,1,0
25528487,2,3,0,0,0,1,0
25528499,2,3,0,1,0,1,0
25528534,2,3,1,1,0,1,0
25528610,0,3,1,1,0,1,0
25528631,0,3,0,1,0,1,0
25528645,0,3,0,0,0,1,0
25528661,0,3,0,1,0,1,0
25528699,0,3,1,1,0,1,0
25528735,186,3,1,1,0,1,0
25528756,186,3,0,1,0,1,0
25528769,186,3,0,0,0,1,0
25528786,186,3,0,1,0,1,0
25528825,186,3,1,1,0,1,0
25528860,17,3,1,1,0,1,0
25528881,17,3,0,1,0,1,0
25528894,17,3,0,0,0,1,0
25528911,17,3,0,1,0,1,0
25528949,17,3,1,1,0,1,0
25528985,14,3,1,1,0,1,0
25529006,14,3,0,1,0,1,0
25529019,14,3,0,0,0,1,0
25529036,14,3,0,1,0,1,0
25529073,14,3,1,1,0,1,0
25529074,46,3,1,1,0,1,0
25529110,32,3,1,1,0,1,0
25529130,32,3,0,1,0,1,0
25529144,32,3,0,0,0,1,0
25529161,32,3,0,1,0,1,0
25529198,32,3,1,1,0,1,0
25529199,62,3,1,1,0,1,0
25529235,30,3,1,1,0,1,0
25529255,30,3,0,1,0,1,0
25529269,30,3,0,0,0,1,0
25529286,30,3,0,1,0,1,0
25529323,30,3,1,1,0,1,0
25529324,190,3,1,1,0,1,0
25529397,248,3,1,1,0,1,0
25529421,248,3,0,1,0,1,0
25529434,248,3,0,0,0,1,0
25529449,248,3,0,1,0,1,0
25529488,248,3,1,1,0,1,0
25529489,249,3,1,1,0,1,0
25529522,145,3,1,1,0,1,0
25529545,145,3,0,1,0,1,0
25529559,145,3,0,0,0,1,0
25529574,145,3,0,1,0,1,0
25529613,145,3,1,1,0,1,0
25529614,247,3,1,1,0,1,0
25529647,246,3,1,1,0,1,0
25529670,246,3,0,1,0,1,0
25529684,246,3,0,0,0,1,0
25529699,246,3,0,1,0,1,0
25529739,246,3,1,1,0,1,0
25529772,145,3,1,1,0,1,0
25529795,145,3,0,1,0,1,0
25529808,145,3,0,0,0,1,0
25529824,145,3,0,1,0,1,0
25529863,145,3,1,1,0,1,0
25529864,245,3,1,1,0,1,0
25529897,244,3,1,1,0,1,0
25529920,244,3,0,1,0,1,0
25529933,244,3,0,0,0,1,0
25529949,244,3,0,1,0,1,0
25529988,244,3,1,1,0,1,0
25530022,141,3,1,1,0,1,0
25530044,141,3,0,1,0,1,0
25530058,141,3,0,0,0,1,0
25530074,141,3,0,1,0,1,0
25530112,141,3,1,1,0,1,0
25530113,205,3,1,1,0,1,0
25530185,68,3,1,1,0,1,0
25530210,68,3,0,1,0,1,0
25530223,68,3,0,0,0,1,0
25530236,68,3,0,1,0,1,0
25530270,68,3,1,1,0,1,0
25530310,238,3,1,1,0,1,0
25530335,238,3,0,1,0,1,0
25530348,238,3,0,0,0,1,0
25530361,238,3,0,1,0,1,0
25530395,238,3,1,1,0,1,0
25530435,2,3,1,1,0,1,0
25530460,2,3,0,1,0,1,0
25530473,2,3,0,0,0,1,0
25530486,2,3,0,1,0,1,0
25530527,2,3,1,1,0,1,0
25530528,54,3,1,1,0,1,0
25530560,52,3,1,1,0,1,0
25530584,52,3,0,1,0,1,0
25530598,52,3,0,0,0,1,0
25530611,52,3,0,1,0,1,0
25530652,52,3,1,1,0,1,0
25530653,54,3,1,1,0,1,0
25530685,14,3,1,1,0,1,0
25530709,14,3,0,1,0,1,0
25530723,14,3,0,0,0,1,0
25530736,14,3,0,1,0,1,0
25530777,14,3,1,1,0,1,0
25530778,15,3,1,1,0,1,0
25530847,1,3,1,1,0,1,0
25530875,1,3,0,1,0,1,0
25530888,1,3,0,0,0,1,0
25530911,1,3,0,1,0,1,0
25530951,1,3,1,1,0,1,0
25530972,151,3,1,1,0,1,0
25530999,151,3,0,1,0,1,0
25531013,151,3,0,0,0,1,0
25531036,151,3,0,1,0,1,0
25531075,151,3,1,1,0,1,0
25531076,183,3,1,1,0,1,0
25531097,52,3,1,1,0,1,0
25531124,52,3,0,1,0,1,0
25531138,52,3,0,0,0,1,0
25531161,52,3,0,1,0,1,0
25531201,52,3,1,1,0,1,0
25531222,8,3,1,1,0,1,0
25531249,8,3,0,1,0,1,0
25531262,8,3,0,0,0,1,0
25531274,8,3,0,1,0,1,0
25531309,8,3,1,1,0,1,0
25531347,1,3,1,1,0,1,0
25531374,1,3,0,1,0,1,0
25531387,1,3,0,0,0,1,0
25531399,1,3,0,1,0,1,0
25531433,1,3,1,1,0,1,0
25531434,145,3,1,1,0,1,0
25531472,144,3,1,1,0,1,0
25531498,144,3,0,1,0,1,0
25531512,144,3,0,0,0,1,0
25531523,144,3,0,1,0,1,0
25531558,144,3,1,1,0,1,0
25531634,223,3,1,1,0,1,0
25531656,223,3,0,1,0,1,0
25531669,223,3,0,0,0,1,0
25531686,223,3,0,1,0,1,0
25531724,223,3,1,1,0,1,0
25531725,77,3,1,1,0,1,0
25531759,108,3,1,1,0,1,0
25531781,108,3,0,1,0,1,0
25531794,108,3,0,0,0,1,0
25531811,108,3,0,1,0,1,0
25531848,108,3,1,1,0,1,0
25531849,109,3,1,1,0,1,0
25531884,33,3,1,1,0,1,0
25531905,33,3,0,1,0,1,0
25531919,33,3,0,0,0,1,0
25531936,33,3,0,1,0,1,0
25531973,33,3,1,1,0,1,0
25531974,43,3,1,1,0,1,0
25532009,10,3,1,1,0,1,0
25532030,10,3,0,1,0,1,0
25532044,10,3,0,0,0,1,0
25532061,10,3,0,1,0,1,0
25532098,10,3,1,1,0,1,0
25532134,254,3,1,1,0,1,0
25532155,254,3,0,1,0,1,0
25532168,254,3,0,0,0,1,0
25532186,254,3,0,1,0,1,0
25532224,254,3,1,1,0,1,0
25532259,40,3,1,1,0,1,0
25532280,40,3,0,1,0,1,0
25532293,40,3,0,0,0,1,0
25532311,40,3,0,1,0,1,0
25532348,40,3,1,1,0,1,0
25532422,161,3,1,1,0,1,0
25532445,161,3,0,1,0,1,0
25532459,161,3,0,0,0,1,0
25532473,161,3,0,1,0,1,0
25532513,161,3,1,1,0,1,0
25532547,171,3,1,1,0,1,0
25532570,171,3,0,1,0,1,0
25532583,171,3,0,0,0,1,0
25532598,171,3,0,1,0,1,0
25532639,171,3,1,1,0,1,0
25532672,161,3,1,1,0,1,0
25532695,161,3,0,1,0,1,0
25532708,161,3,0,0,0,1,0
25532723,161,3,0,1,0,1,0
25532763,161,3,1,1,0,1,0
25532797,188,3,1,1,0,1,0
25532820,188,3,0,1,0,1,0
25532833,188,3,0,0,0,1,0
25532848,188,3,0,1,0,1,0
25532887,188,3,1,1,0,1,0
25532888,255,3,1,1,0,1,0
25532922,223,3,1,1,0,1,0
25532944,223,3,0,1,0,1,0
25532958,223,3,0,0,0,1,0
25532973,223,3,0,1,0,1,0
25533013,223,3,1,1,0,1,0
25533084,105,3,1,1,0,1,0
25533110,105,3,0,1,0,1,0
25533123,105,3,0,0,0,1,0
25533136,105,3,0,1,0,1,0
25533170,105,3,1,1,0,1,0
25533209,10,3,1,1,0,1,0
25533235,10,3,0,1,0,1,0
25533248,10,3,0,0,0,1,0
25533261,10,3,0,1,0,1,0
25533295,10,3,1,1,0,1,0
25533334,8,3,1,1,0,1,0
25533359,8,3,0,1,0,1,0
25533373,8,3,0,0,0,1,0
25533385,8,3,0,1,0,1,0
25533419,8,3,1,1,0,1,0
25533459,10,3,1,1,0,1,0
25533484,10,3,0,1,0,1,0
25533498,10,3,0,0,0,1,0
25533510,10,3,0,1,0,1,0
25533584,10,3,1,1,0,1,0
25533609,10,3,0,1,0,1,0
25533622,10,3,0,0,0,1,0
25533635,10,3,0,1,0,1,0
25533669,10,3,1,1,0,1,0
25533709,230,3,1,1,0,1,0
25533734,230,3,0,1,0,1,0
25533747,230,3,0,0,0,1,0
25533760,230,3,0,1,0,1,0
25533802,230,3,1,1,0,1,0
25533871,10,3,1,1,0,1,0
25533891,10,3,0,1,0,1,0
25533904,10,3,0,0,0,1,0
25533923,10,3,0,1,0,1,0
25533996,10,3,1,1,0,1,0
25534024,10,3,0,1,0,1,0
25534037,10,3,0,0,0,1,0
25534060,10,3,0,1,0,1,0
25534101,10,3,1,1,0,1,0
25534121,8,3,1,1,0,1,0
25534149,8,3,0,1,0,1,0
25534162,8,3,0,0,0,1,0
25534185,8,3,0,1,0,1,0
25534225,8,3,1,1,0,1,0
25534246,47,3,1,1,0,1,0
25534274,47,3,0,1,0,1,0
25534287,47,3,0,0,0,1,0
25534310,47,3,0,1,0,1,0
25534371,47,3,1,1,0,1,0
25534398,47,3,0,1,0,1,0
25534412,47,3,0,0,0,1,0
25534423,47,3,0,1,0,1,0
25534458,47,3,1,1,0,1,0
25534459,111,3,1,1,0,1,0
25534496,230,3,1,1,0,1,0
25534523,230,3,0,1,0,1,0
25534537,230,3,0,0,0,1,0
25534548,230,3,0,1,0,1,0
25534584,230,3,1,1,0,1,0
25534659,3,3,1,1,0,1,0
25534680,3,3,0,1,0,1,0
25534694,3,3,0,0,0,1,0
25534710,3,3,0,1,0,1,0
25534748,3,3,1,1,0,1,0
25534749,47,3,1,1,0,1,0
25534784,46,3,1,1,0,1,0
25534805,46,3,0,1,0,1,0
25534819,46,3,0,0,0,1,0
25534835,46,3,0,1,0,1,0
25534874,46,3,1,1,0,1,0
25534909,200,3,1,1,0,1,0
25534930,200,3,0,1,0,1,0
25534943,200,3,0,0,0,1,0
25534960,200,3,0,1,0,1,0
25534998,200,3,1,1,0,1,0
25534999,233,3,1,1,0,1,0
25535034,169,3,1,1,0,1,0
25535055,169,3,0,1,0,1,0
25535068,169,3,0,0,0,1,0
25535085,169,3,0,1,0,1,0
25535123,169,3,1,1,0,1,0
25535159,192,3,1,1,0,1,0
25535180,192,3,0,1,0,1,0
25535193,192,3,0,0,0,1,0
25535210,192,3,0,1,0,1,0
25535247,192,3,1,1,0,1,0
25535284,232,3,1,1,0,1,0
25535304,232,3,0,1,0,1,0
25535318,232,3,0,0,0,1,0
25535335,232,3,0,1,0,1,0
25535372,232,3,1,1,0,1,0
25535373,254,3,1,1,0,1,0
25535446,246,3,1,1,0,1,0
25535470,246,3,0,1,0,1,0
25535483,246,3,0,0,0,1,0
25535498,246,3,0,1,0,1,0
25535538,246,3,1,1,0,1,0
25535539,175,3,1,1,0,1,0
25535571,139,3,1,1,0,1,0
25535595,139,3,0,1,0,1,0
25535608,139,3,0,0,0,1,0
25535622,139,3,0,1,0,1,0
25535662,139,3,1,1,0,1,0
25535663,191,3,1,1,0,1,0
25535696,188,3,1,1,0,1,0
25535719,188,3,0,1,0,1,0
25535733,188,3,0,0,0,1,0
25535747,188,3,0,1,0,1,0
25535787,188,3,1,1,0,1,0
25535788,254,3,1,1,0,1,0
25535821,230,3,1,1,0,1,0
25535844,230,3,0,1,0,1,0
25535858,230,3,0,0,0,1,0
25535872,230,3,0,1,0,1,0
25535912,230,3,1,1,0,1,0
25535913,246,3,1,1,0,1,0
25535946,244,3,1,1,0,1,0
25535969,244,3,0,1,0,1,0
25535982,244,3,0,0,0,1,0
25535997,244,3,0,1,0,1,0
25536037,244,3,1,1,0,1,0
25536038,255,3,1,1,0,1,0
25536109,223,3,1,1,0,1,0
25536134,223,3,0,1,0,1,0
25536148,223,3,0,0,0,1,0
25536160,223,3,0,1,0,1,0
25536194,223,3,1,1,0,1,0
25536195,139,3,1,1,0,1,0
25536233,131,3,1,1,0,1,0
25536259,131,3,0,1,0,1,0
25536273,131,3,0,0,0,1,0
25536285,131,3,0,1,0,1,0
25536319,131,3,1,1,0,1,0
25536320,171,3,1,1,0,1,0
25536358,232,3,1,1,0,1,0
25536384,232,3,0,1,0,1,0
25536397,232,3,0,0,0,1,0
25536410,232,3,0,1,0,1,0
25536444,232,3,1,1,0,1,0
25536483,241,3,1,1,0,1,0
25536509,241,3,0,1,0,1,0
25536522,241,3,0,0,0,1,0
25536535,241,3,0,1,0,1,0
25536568,241,3,1,1,0,1,0
25536569,255,3,1,1,0,1,0
25536608,223,3,1,1,0,1,0
25536634,223,3,0,1,0,1,0
25536647,223,3,0,0,0,1,0
25536660,223,3,0,1,0,1,0
25536694,223,3,1,1,0,1,0
25536733,133,3,1,1,0,1,0
25536758,133,3,0,1,0,1,0
25536772,133,3,0,0,0,1,0
25536785,133,3,0,1,0,1,0
25536818,133,3,1,1,0,1,0
25536819,140,3,1,1,0,1,0
25536896,12,3,1,1,0,1,0
25536916,12,3,0,1,0,1,0
25536929,12,3,0,0,0,1,0
25536947,12,3,0,1,0,1,0
25536984,12,3,1,1,0,1,0
25537021,184,3,1,1,0,1,0
25537040,184,3,0,1,0,1,0
25537054,184,3,0,0,0,1,0
25537072,184,3,0,1,0,1,0
25537108,184,3,1,1,0,1,0
25537146,189,3,1,1,0,1,0
25537173,189,3,0,1,0,1,0
25537187,189,3,0,0,0,1,0
25537210,189,3,0,1,0,1,0
25537249,189,3,1,1,0,1,0
25537250,191,3,1,1,0,1,0
25537271,178,3,1,1,0,1,0
25537298,178,3,0,1,0,1,0
25537312,178,3,0,0,0,1,0
25537335,178,3,0,1,0,1,0
25537374,178,3,1,1,0,1,0
25537375,255,3,1,1,0,1,0
25537396,223,3,1,1,0,1,0
25537423,223,3,0,1,0,1,0
25537436,223,3,0,0,0,1,0
25537460,223,3,0,1,0,1,0
25537500,223,3,1,1,0,1,0
25537521,193,3,1,1,0,1,0
25537548,193,3,0,1,0,1,0
25537561,193,3,0,0,0,1,0
25537573,193,3,0,1,0,1,0
25537607,193,3,1,1,0,1,0
25537608,239,3,1,1,0,1,0
25537683,238,3,1,1,0,1,0
25537705,238,3,0,1,0,1,0
25537718,238,3,0,0,0,1,0
25537735,238,3,0,1,0,1,0
25537774,238,3,1,1,0,1,0
25537808,59,3,1,1,0,1,0
25537830,59,3,0,1,0,1,0
25537843,59,3,0,0,0,1,0
25537860,59,3,0,1,0,1,0
25537898,59,3,1,1,0,1,0
25537899,44,3,1,1,0,1,0
25537933,12,3,1,1,0,1,0
25537955,12,3,0,1,0,1,0
25537968,12,3,0,0,0,1,0
25537985,12,3,0,1,0,1,0
25538022,12,3,1,1,0,1,0
25538023,140,3,1,1,0,1,0
25538058,164,3,1,1,0,1,0
25538079,164,3,0,1,0,1,0
25538093,164,3,0,0,0,1,0
25538110,164,3,0,1,0,1,0
25538147,164,3,1,1,0,1,0
25538183,230,3,1,1,0,1,0
25538204,230,3,0,1,0,1,0
25538218,230,3,0,0,0,1,0
25538234,230,3,0,1,0,1,0
25538273,230,3,1,1,0,1,0
25538345,19,3,1,1,0,1,0
25538370,19,3,0,1,0,1,0
25538383,19,3,0,0,0,1,0
25538397,19,3,0,1,0,1,0
25538438,19,3,1,1,0,1,0
25538470,141,3,1,1,0,1,0
25538494,141,3,0,1,0,1,0
25538508,141,3,0,0,0,1,0
25538522,141,3,0,1,0,1,0
25538562,141,3,1,1,0,1,0
25538563,221,3,1,1,0,1,0
25538595,212,3,1,1,0,1,0
25538619,212,3,0,1,0,1,0
25538633,212,3,0,0,0,1,0
25538647,212,3,0,1,0,1,0
25538687,212,3,1,1,0,1,0
25538688,246,3,1,1,0,1,0
25538720,230,3,1,1,0,1,0
25538744,230,3,0,1,0,1,0
25538757,230,3,0,0,0,1,0
25538772,230,3,0,1,0,1,0
25538813,230,3,1,1,0,1,0
25538845,50,3,1,1,0,1,0
25538869,50,3,0,1,0,1,0
25538882,50,3,0,0,0,1,0
25538897,50,3,0,1,0,1,0
25538937,50,3,1,1,0,1,0
25538970,223,3,1,1,0,1,0
25538994,223,3,0,1,0,1,0
25539007,223,3,0,0,0,1,0
25539022,223,3,0,1,0,1,0
25539062,223,3,1,1,0,1,0
25539133,150,3,1,1,0,1,0
25539159,150,3,0,1,0,1,0
25539172,150,3,0,0,0,1,0
25539184,150,3,0,1,0,1,0
25539219,150,3,1,1,0,1,0
25539258,238,3,1,1,0,1,0
25539284,238,3,0,1,0,1,0
25539297,238,3,0,0,0,1,0
25539309,238,3,0,1,0,1,0
25539344,238,3,1,1,0,1,0
25539383,53,3,1,1,0,1,0
25539409,53,3,0,1,0,1,0
25539422,53,3,0,0,0,1,0
25539434,53,3,0,1,0,1,0
25539468,53,3,1,1,0,1,0
25539469,183,3,1,1,0,1,0
25539508,151,3,1,1,0,1,0
25539533,151,3,0,1,0,1,0
25539547,151,3,0,0,0,1,0
25539559,151,3,0,1,0,1,0
25539593,151,3,1,1,0,1,0
25539594,159,3,1,1,0,1,0
25539633,155,3,1,1,0,1,0
25539658,155,3,0,1,0,1,0
25539672,155,3,0,0,0,1,0
25539684,155,3,0,1,0,1,0
25539718,155,3,1,1,0,1,0
25539719,159,3,1,1,0,1,0
25539758,141,3,1,1,0,1,0
25539783,141,3,0,1,0,1,0
25539796,141,3,0,0,0,1,0
25539809,141,3,0,1,0,1,0
25539843,141,3,1,1,0,1,0
25539920,180,3,1,1,0,1,0
25539940,180,3,0,1,0,1,0
25539954,180,3,0,0,0,1,0
25539972,180,3,0,1,0,1,0
25540008,180,3,1,1,0,1,0
25540009,246,3,1,1,0,1,0
25540045,230,3,1,1,0,1,0
25540065,230,3,0,1,0,1,0
25540078,230,3,0,0,0,1,0
25540097,230,3,0,1,0,1,0
25540134,230,3,1,1,0,1,0
25540170,7,3,1,1,0,1,0
25540190,7,3,0,1,0,1,0
25540203,7,3,0,0,0,1,0
25540222,7,3,0,1,0,1,0
25540258,7,3,1,1,0,1,0
25540295,189,3,1,1,0,1,0
25540323,189,3,0,1,0,1,0
25540336,189,3,0,0,0,1,0
25540359,189,3,0,1,0,1,0
25540399,189,3,1,1,0,1,0
25540400,47,3,1,1,0,1,0
25540420,14,3,1,1,0,1,0
25540448,14,3,0,1,0,1,0
25540461,14,3,0,0,0,1,0
25540484,14,3,0,1,0,1,0
25540524,14,3,1,1,0,1,0
25540583,161,3,1,1,0,1,0
25540605,161,3,0,1,0,1,0
25540618,161,3,0,0,0,1,0
25540634,161,3,0,1,0,1,0
25540673,161,3,1,1,0,1,0
25540674,177,3,1,1,0,1,0
25540708,145,3,1,1,0,1,0
25540730,145,3,0,1,0,1,0
25540743,145,3,0,0,0,1,0
25540759,145,3,0,1,0,1,0
25540798,145,3,1,1,0,1,0
25540832,161,3,1,1,0,1,0
25540854,161,3,0,1,0,1,0
25540868,161,3,0,0,0,1,0
25540884,161,3,0,1,0,1,0
25540922,161,3,1,1,0,1,0
25540923,163,3,1,1,0,1,0
25540957,162,3,1,1,0,1,0
25540979,162,3,0,1,0,1,0
25540993,162,3,0,0,0,1,0
25541009,162,3,0,1,0,1,0
25541047,162,3,1,1,0,1,0
25541082,186,3,1,1,0,1,0
25541104,186,3,0,1,0,1,0
25541117,186,3,0,0,0,1,0
25541134,186,3,0,1,0,1,0
25541172,186,3,1,1,0,1,0
25541173,150,3,1,1,0,1,0
25541207,22,3,1,1,0,1,0
25541229,22,3,0,1,0,1,0
25541242,22,3,0,0,0,1,0
25541259,22,3,0,1,0,1,0
25541297,22,3,1,1,0,1,0
25541370,0,3,1,1,0,1,0
25541394,0,3,0,1,0,1,0
25541408,0,3,0,0,0,1,0
25541421,0,3,0,1,0,1,0
25541462,0,3,1,1,0,1,0
25541495,174,3,1,1,0,1,0
25541519,174,3,0,1,0,1,0
25541532,174,3,0,0,0,1,0
25541546,174,3,0,1,0,1,0
25541587,174,3,1,1,0,1,0
25541620,238,3,1,1,0,1,0
25541644,238,3,0,1,0,1,0
25541657,238,3,0,0,0,1,0
25541671,238,3,0,1,0,1,0
25541712,238,3,1,1,0,1,0
25541745,239,3,1,1,0,1,0
25541769,239,3,0,1,0,1,0
25541782,239,3,0,0,0,1,0
25541796,239,3,0,1,0,1,0
25541837,239,3,1,1,0,1,0
25541870,161,3,1,1,0,1,0
25541893,161,3,0,1,0,1,0
25541907,161,3,0,0,0,1,0
25541921,161,3,0,1,0,1,0
25541961,161,3,1,1,0,1,0
25541962,171,3,1,1,0,1,0
25541995,42,3,1,1,0,1,0
25542018,42,3,0,1,0,1,0
25542032,42,3,0,0,0,1,0
25542046,42,3,0,1,0,1,0
25542086,42,3,1,1,0,1,0
25542087,171,3,1,1,0,1,0
25542157,169,3,1,1,0,1,0
25542184,169,3,0,1,0,1,0
25542197,169,3,0,0,0,1,0
25542209,169,3,0,1,0,1,0
25542243,169,3,1,1,0,1,0
25542244,189,3,1,1,0,1,0
25542282,157,3,1,1,0,1,0
25542308,157,3,0,1,0,1,0
25542322,157,3,0,0,0,1,0
25542334,157,3,0,1,0,1,0
25542368,157,3,1,1,0,1,0
25542369,159,3,1,1,0,1,0
25542407,11,3,1,1,0,1,0
25542433,11,3,0,1,0,1,0
25542447,11,3,0,0,0,1,0
25542459,11,3,0,1,0,1,0
25542494,11,3,1,1,0,1,0
25542532,9,3,1,1,0,1,0
25542558,9,3,0,1,0,1,0
25542571,9,3,0,0,0,1,0
25542584,9,3,0,1,0,1,0
25542618,9,3,1,1,0,1,0
25542619,253,3,1,1,0,1,0
25542657,252,3,1,1,0,1,0
25542683,252,3,0,1,0,1,0
25542696,252,3,0,0,0,1,0
25542709,252,3,0,1,0,1,0
25542743,252,3,1,1,0,1,0
25542782,0,3,1,1,0,1,0
25542808,0,3,0,1,0,1,0
25542821,0,3,0,0,0,1,0
25542834,0,3,0,1,0,1,0
25542867,0,3,1,1,0,1,0
25542945,233,3,1,1,0,1,0
25542965,233,3,0,1,0,1,0
25542978,233,3,0,0,0,1,0
25542996,233,3,0,1,0,1,0
25543033,233,3,1,1,0,1,0
25543034,239,3,1,1,0,1,0
25543070,238,3,1,1,0,1,0
25543090,238,3,0,1,0,1,0
25543103,238,3,0,0,0,1,0
25543121,238,3,0,1,0,1,0
25543158,238,3,1,1,0,1,0
25543194,232,3,1,1,0,1,0
25543214,232,3,0,1,0,1,0
25543228,232,3,0,0,0,1,0
25543246,232,3,0,1,0,1,0
25543282,232,3,1,1,0,1,0
25543283,249,3,1,1,0,1,0
25543320,241,3,1,1,0,1,0
25543339,241,3,0,1,0,1,0
25543353,241,3,0,0,0,1,0
25543371,241,3,0,1,0,1,0
25543408,241,3,1,1,0,1,0
25543444,141,3,1,1,0,1,0
25543464,141,3,0,1,0,1,0
25543477,141,3,0,0,0,1,0
25543496,141,3,0,1,0,1,0
25543532,141,3,1,1,0,1,0
25543533,221,3,1,1,0,1,0
25543607,212,3,1,1,0,1,0
25543630,212,3,0,1,0,1,0
25543643,212,3,0,0,0,1,0
25543658,212,3,0,1,0,1,0
25543697,212,3,1,1,0,1,0
25543698,246,3,1,1,0,1,0
25543732,230,3,1,1,0,1,0
25543754,230,3,0,1,0,1,0
25543768,230,3,0,0,0,1,0
25543783,230,3,0,1,0,1,0
25543822,230,3,1,1,0,1,0
25543823,238,3,1,1,0,1,0
25543857,31,3,1,1,0,1,0
25543879,31,3,0,1,0,1,0
25543893,31,3,0,0,0,1,0
25543908,31,3,0,1,0,1,0
25543947,31,3,1,1,0,1,0
25543982,223,3,1,1,0,1,0
25544004,223,3,0,1,0,1,0
25544017,223,3,0,0,0,1,0
25544033,223,3,0,1,0,1,0
25544072,223,3,1,1,0,1,0
25544107,169,3,1,1,0,1,0
25544129,169,3,0,1,0,1,0
25544142,169,3,0,0,0,1,0
25544158,169,3,0,1,0,1,0
25544196,169,3,1,1,0,1,0
25544197,173,3,1,1,0,1,0
25544232,238,3,1,1,0,1,0
25544253,238,3,0,1,0,1,0
25544267,238,3,0,0,0,1,0
25544283,238,3,0,1,0,1,0
25544322,238,3,1,1,0,1,0
25544394,34,3,1,1,0,1,0
25544419,34,3,0,1,0,1,0
25544432,34,3,0,0,0,1,0
25544446,34,3,0,1,0,1,0
25544487,34,3,1,1,0,1,0
25544488,47,3,1,1,0,1,0
25544519,13,3,1,1,0,1,0
25544544,13,3,0,1,0,1,0
25544557,13,3,0,0,0,1,0
25544571,13,3,0,1,0,1,0
25544612,13,3,1,1,0,1,0
25544644,145,3,1,1,0,1,0
25544668,145,3,0,1,0,1,0
25544682,145,3,0,0,0,1,0
25544696,145,3,0,1,0,1,0
25544736,145,3,1,1,0,1,0
25544737,247,3,1,1,0,1,0
25544769,231,3,1,1,0,1,0
25544793,231,3,0,1,0,1,0
25544807,231,3,0,0,0,1,0
25544821,231,3,0,1,0,1,0
25544862,231,3,1,1,0,1,0
25544894,7,3,1,1,0,1,0
25544918,7,3,0,1,0,1,0
25544931,7,3,0,0,0,1,0
25544946,7,3,0,1,0,1,0
25544986,7,3,1,1,0,1,0
25544987,239,3,1,1,0,1,0
25545019,238,3,1,1,0,1,0
25545043,238,3,0,1,0,1,0
25545056,238,3,0,0,0,1,0
25545071,238,3,0,1,0,1,0
25545111,238,3,1,1,0,1,0
25545112,58,3,1,1,0,1,0
25545182,26,3,1,1,0,1,0
25545208,26,3,0,1,0,1,0
25545222,26,3,0,0,0,1,0
25545233,26,3,0,1,0,1,0
25545268,26,3,1,1,0,1,0
25545269,27,3,1,1,0,1,0
25545307,97,3,1,1,0,1,0
25545333,97,3,0,1,0,1,0
25545346,97,3,0,0,0,1,0
25545358,97,3,0,1,0,1,0
25545393,97,3,1,1,0,1,0
25545394,251,3,1,1,0,1,0
25545432,155,3,1,1,0,1,0
25545458,155,3,0,1,0,1,0
25545471,155,3,0,0,0,1,0
25545483,155,3,0,1,0,1,0
25545518,155,3,1,1,0,1,0
25545557,0,3,1,1,0,1,0
25545583,0,3,0,1,0,1,0
25545596,0,3,0,0,0,1,0
25545608,0,3,0,1,0,1,0
25545642,0,3,1,1,0,1,0
25545681,16,3,1,1,0,1,0
25545707,16,3,0,1,0,1,0
25545721,16,3,0,0,0,1,0
25545733,16,3,0,1,0,1,0
25545767,16,3,1,1,0,1,0
25545768,49,3,1,1,0,1,0
25545844,33,3,1,1,0,1,0
25545865,33,3,0,1,0,1,0
25545878,33,3,0,0,0,1,0
25545895,33,3,0,1,0,1,0
25545933,33,3,1,1,0,1,0
25545969,0,3,1,1,0,1,0
25545990,0,3,0,1,0,1,0
25546003,0,3,0,0,0,1,0
25546020,0,3,0,1,0,1,0
25546094,0,3,1,1,0,1,0
25546114,0,3,0,1,0,1,0
25546128,0,3,0,0,0,1,0
25546145,0,3,0,1,0,1,0
25546182,0,3,1,1,0,1,0
25546219,24,3,1,1,0,1,0
25546239,24,3,0,1,0,1,0
25546253,24,3,0,0,0,1,0
25546270,24,3,0,1,0,1,0
25546307,24,3,1,1,0,1,0
25546308,89,3,1,1,0,1,0
25546344,65,3,1,1,0,1,0
25546364,65,3,0,1,0,1,0
25546377,65,3,0,0,0,1,0
25546395,65,3,0,1,0,1,0
25546432,65,3,1,1,0,1,0
25546433,209,3,1,1,0,1,0
25546469,144,3,1,1,0,1,0
25546489,144,3,0,1,0,1,0
25546502,144,3,0,0,0,1,0
25546520,144,3,0,1,0,1,0
25546557,144,3,1,1,0,1,0
25546631,0,3,1,1,0,1,0
25546654,0,3,0,1,0,1,0
25546668,0,3,0,0,0,1,0
25546683,0,3,0,1,0,1,0
25546722,0,3,1,1,0,1,0
25546756,10,3,1,1,0,1,0
25546779,10,3,0,1,0,1,0
25546792,10,3,0,0,0,1,0
25546808,10,3,0,1,0,1,0
25546847,10,3,1,1,0,1,0
25546848,137,3,1,1,0,1,0
25546881,129,3,1,1,0,1,0
25546904,129,3,0,1,0,1,0
25546917,129,3,0,0,0,1,0
25546933,129,3,0,1,0,1,0
25546972,129,3,1,1,0,1,0
25547006,9,3,1,1,0,1,0
25547028,9,3,0,1,0,1,0
25547042,9,3,0,0,0,1,0
25547058,9,3,0,1,0,1,0
25547096,9,3,1,1,0,1,0
25547097,41,3,1,1,0,1,0
25547131,33,3,1,1,0,1,0
25547153,33,3,0,1,0,1,0
25547167,33,3,0,0,0,1,0
25547183,33,3,0,1,0,1,0
25547221,33,3,1,1,0,1,0
25547222,43,3,1,1,0,1,0
25547256,10,3,1,1,0,1,0
25547278,10,3,0,1,0,1,0
25547291,10,3,0,0,0,1,0
25547308,10,3,0,1,0,1,0
25547346,10,3,1,1,0,1,0
25547347,138,3,1,1,0,1,0
25547419,128,3,1,1,0,1,0
25547444,128,3,0,1,0,1,0
25547457,128,3,0,0,0,1,0
25547470,128,3,0,1,0,1,0
25547512,128,3,1,1,0,1,0
25547544,0,3,1,1,0,1,0
25547568,0,3,0,1,0,1,0
25547582,0,3,0,0,0,1,0
25547595,0,3,0,1,0,1,0
25547636,0,3,1,1,0,1,0
25547669,141,3,1,1,0,1,0
25547693,141,3,0,1,0,1,0
25547707,141,3,0,0,0,1,0
25547720,141,3,0,1,0,1,0
25547762,141,3,1,1,0,1,0
25547794,2,3,1,1,0,1,0
25547818,2,3,0,1,0,1,0
25547831,2,3,0,0,0,1,0
25547845,2,3,0,1,0,1,0
25547886,2,3,1,1,0,1,0
25547919,1,3,1,1,0,1,0
25547943,1,3,0,1,0,1,0
25547956,1,3,0,0,0,1,0
25547970,1,3,0,1,0,1,0
25548011,1,3,1,1,0,1,0
25548081,0,3,1,1,0,1,0
25548108,0,3,0,1,0,1,0
25548122,0,3,0,0,0,1,0
25548145,0,3,0,1,0,1,0
25548184,0,3,1,1,0,1,0
25548206,2,3,1,1,0,1,0
25548233,2,3,0,1,0,1,0
25548246,2,3,0,0,0,1,0
25548258,2,3,0,1,0,1,0
25548293,2,3,1,1,0,1,0
25548331,0,3,1,1,0,1,0
25548358,0,3,0,1,0,1,0
25548371,0,3,0,0,0,1,0
25548383,0,3,0,1,0,1,0
25548417,0,3,1,1,0,1,0
25548456,186,3,1,1,0,1,0
25548482,186,3,0,1,0,1,0
25548496,186,3,0,0,0,1,0
25548507,186,3,0,1,0,1,0
25548542,186,3,1,1,0,1,0
25548543,187,3,1,1,0,1,0
25548581,145,3,1,1,0,1,0
25548607,145,3,0,1,0,1,0
25548621,145,3,0,0,0,1,0
25548632,145,3,0,1,0,1,0
25548668,145,3,1,1,0,1,0
25548706,0,3,1,1,0,1,0
25548732,0,3,0,1,0,1,0
25548745,0,3,0,0,0,1,0
25548757,0,3,0,1,0,1,0
25548792,0,3,1,1,0,1,0
25548868,160,3,1,1,0,1,0
25548889,160,3,0,1,0,1,0
25548903,160,3,0,0,0,1,0
25548920,160,3,0,1,0,1,0
25548957,160,3,1,1,0,1,0
25548958,173,3,1,1,0,1,0
25548993,141,3,1,1,0,1,0
25549014,141,3,0,1,0,1,0
25549028,141,3,0,0,0,1,0
25549045,141,3,0,1,0,1,0
25549082,141,3,1,1,0,1,0
25549083,221,3,1,1,0,1,0
25549118,212,3,1,1,0,1,0
25549139,212,3,0,1,0,1,0
25549152,212,3,0,0,0,1,0
25549170,212,3,0,1,0,1,0
25549207,212,3,1,1,0,1,0
25549208,246,3,1,1,0,1,0
25549243,230,3,1,1,0,1,0
25549264,230,3,0,1,0,1,0
25549277,230,3,0,0,0,1,0
25549295,230,3,0,1,0,1,0
25549332,230,3,1,1,0,1,0
25549368,5,3,1,1,0,1,0
25549388,5,3,0,1,0,1,0
25549402,5,3,0,0,0,1,0
25549420,5,3,0,1,0,1,0
25549456,5,3,1,1,0,1,0
25549493,223,3,1,1,0,1,0
25549513,223,3,0,1,0,1,0
25549527,223,3,0,0,0,1,0
25549545,223,3,0,1,0,1,0
25549582,223,3,1,1,0,1,0
25549656,190,3,1,1,0,1,0
25549679,190,3,0,1,0,1,0
25549692,190,3,0,0,0,1,0
25549707,190,3,0,1,0,1,0
25549747,190,3,1,1,0,1,0
25549781,238,3,1,1,0,1,0
25549804,238,3,0,1,0,1,0
25549817,238,3,0,0,0,1,0
25549832,238,3,0,1,0,1,0
25549871,238,3,1,1,0,1,0
25549872,239,3,1,1,0,1,0
25549906,13,3,1,1,0,1,0
25549928,13,3,0,1,0,1,0
25549942,13,3,0,0,0,1,0
25549957,13,3,0,1,0,1,0
25549996,13,3,1,1,0,1,0
25549997,45,3,1,1,0,1,0
25550031,33,3,1,1,0,1,0
25550053,33,3,0,1,0,1,0
25550067,33,3,0,0,0,1,0
25550082,33,3,0,1,0,1,0
25550122,33,3,1,1,0,1,0
25550156,0,3,1,1,0,1,0
25550178,0,3,0,1,0,1,0
25550191,0,3,0,0,0,1,0
25550207,0,3,0,1,0,1,0
25550246,0,3,1,1,0,1,0
25550281,2,3,1,1,0,1,0
25550303,2,3,0,1,0,1,0
25550316,2,3,0,0,0,1,0
25550332,2,3,0,1,0,1,0
25550371,2,3,1,1,0,1,0
25550443,0,3,1,1,0,1,0
25550468,0,3,0,1,0,1,0
25550482,0,3,0,0,0,1,0
25550494,0,3,0,1,0,1,0
25550528,0,3,1,1,0,1,0
25550568,232,3,1,1,0,1,0
25550593,232,3,0,1,0,1,0
25550606,232,3,0,0,0,1,0
25550619,232,3,0,1,0,1,0
25550653,232,3,1,1,0,1,0
25550693,247,3,1,1,0,1,0
25550718,247,3,0,1,0,1,0
25550731,247,3,0,0,0,1,0
25550744,247,3,0,1,0,1,0
25550786,247,3,1,1,0,1,0
25550818,33,3,1,1,0,1,0
25550842,33,3,0,1,0,1,0
25550856,33,3,0,0,0,1,0
25550869,33,3,0,1,0,1,0
25550910,33,3,1,1,0,1,0
25550911,47,3,1,1,0,1,0
25550943,15,3,1,1,0,1,0
25550967,15,3,0,1,0,1,0
25550981,15,3,0,0,0,1,0
25550994,15,3,0,1,0,1,0
25551035,15,3,1,1,0,1,0
25551036,255,3,1,1,0,1,0
25551105,247,3,1,1,0,1,0
25551133,247,3,0,1,0,1,0
25551146,247,3,0,0,0,1,0
25551169,247,3,0,1,0,1,0
25551209,247,3,1,1,0,1,0
25551210,255,3,1,1,0,1,0
25551230,248,3,1,1,0,1,0
25551258,248,3,0,1,0,1,0
25551271,248,3,0,0,0,1,0
25551294,248,3,0,1,0,1,0
25551334,248,3,1,1,0,1,0
25551355,149,3,1,1,0,1,0
25551382,149,3,0,1,0,1,0
25551396,149,3,0,0,0,1,0
25551407,149,3,0,1,0,1,0
25551442,149,3,1,1,0,1,0
25551443,245,3,1,1,0,1,0
25551480,244,3,1,1,0,1,0
25551507,244,3,0,1,0,1,0
25551521,244,3,0,0,0,1,0
25551532,244,3,0,1,0,1,0
25551567,244,3,1,1,0,1,0
25551568,245,3,1,1,0,1,0
25551605,149,3,1,1,0,1,0
25551632,149,3,0,1,0,1,0
25551645,149,3,0,0,0,1,0
25551657,149,3,0,1,0,1,0
25551692,149,3,1,1,0,1,0
25551730,246,3,1,1,0,1,0
25551757,246,3,0,1,0,1,0
25551770,246,3,0,0,0,1,0
25551782,246,3,0,1,0,1,0
25551816,246,3,1,1,0,1,0
25551817,254,3,1,1,0,1,0
25551893,30,3,1,1,0,1,0
25551914,30,3,0,1,0,1,0
25551927,30,3,0,0,0,1,0
25551944,30,3,0,1,0,1,0
25551982,30,3,1,1,0,1,0
25551983,190,3,1,1,0,1,0
25552018,184,3,1,1,0,1,0
25552039,184,3,0,1,0,1,0
25552052,184,3,0,0,0,1,0
25552069,184,3,0,1,0,1,0
25552107,184,3,1,1,0,1,0
25552143,52,3,1,1,0,1,0
25552164,52,3,0,1,0,1,0
25552177,52,3,0,0,0,1,0
25552194,52,3,0,1,0,1,0
25552231,52,3,1,1,0,1,0
25552232,60,3,1,1,0,1,0
25552268,8,3,1,1,0,1,0
25552288,8,3,0,1,0,1,0
25552302,8,3,0,0,0,1,0
25552319,8,3,0,1,0,1,0
25552357,8,3,1,1,0,1,0
25552393,0,3,1,1,0,1,0
25552413,0,3,0,1,0,1,0
25552427,0,3,0,0,0,1,0
25552444,0,3,0,1,0,1,0
25552481,0,3,1,1,0,1,0
25552518,248,3,1,1,0,1,0
25552538,248,3,0,1,0,1,0
25552551,248,3,0,0,0,1,0
25552569,248,3,0,1,0,1,0
25552606,248,3,1,1,0,1,0
25552607,255,3,1,1,0,1,0
25552680,223,3,1,1,0,1,0
25552703,223,3,0,1,0,1,0
25552717,223,3,0,0,0,1,0
25552731,223,3,0,1,0,1,0
25552771,223,3,1,1,0,1,0
25552772,255,3,1,1,0,1,0
25552805,188,3,1,1,0,1,0
25552828,188,3,0,1,0,1,0
25552842,188,3,0,0,0,1,0
25552856,188,3,0,1,0,1,0
25552896,188,3,1,1,0,1,0
25552930,189,3,1,1,0,1,0
25552953,189,3,0,1,0,1,0
25552966,189,3,0,0,0,1,0
25552981,189,3,0,1,0,1,0
25553022,189,3,1,1,0,1,0
25553055,224,3,1,1,0,1,0
25553078,224,3,0,1,0,1,0
25553091,224,3,0,0,0,1,0
25553106,224,3,0,1,0,1,0
25553146,224,3,1,1,0,1,0
25553180,232,3,1,1,0,1,0
25553202,232,3,0,1,0,1,0
25553216,232,3,0,0,0,1,0
25553231,232,3,0,1,0,1,0
25553270,232,3,1,1,0,1,0
25553271,235,3,1,1,0,1,0
25553342,171,3,1,1,0,1,0
25553368,171,3,0,1,0,1,0
25553381,171,3,0,0,0,1,0
25553394,171,3,0,1,0,1,0
25553428,171,3,1,1,0,1,0
25553429,53,3,1,1,0,1,0
25553467,52,3,1,1,0,1,0
25553493,52,3,0,1,0,1,0
25553506,52,3,0,0,0,1,0
25553519,52,3,0,1,0,1,0
25553553,52,3,1,1,0,1,0
25553592,8,3,1,1,0,1,0
25553618,8,3,0,1,0,1,0
25553631,8,3,0,0,0,1,0
25553644,8,3,0,1,0,1,0
25553678,8,3,1,1,0,1,0
25553717,0,3,1,1,0,1,0
25553742,0,3,0,1,0,1,0
25553756,0,3,0,0,0,1,0
25553769,0,3,0,1,0,1,0
25553802,0,3,1,1,0,1,0
25553842,241,3,1,1,0,1,0
25553867,241,3,0,1,0,1,0
25553881,241,3,0,0,0,1,0
25553894,241,3,0,1,0,1,0
25553935,241,3,1,1,0,1,0
25553936,249,3,1,1,0,1,0
25553967,232,3,1,1,0,1,0
25553992,232,3,0,1,0,1,0
25554005,232,3,0,0,0,1,0
25554019,232,3,0,1,0,1,0
25554060,232,3,1,1,0,1,0
25554130,250,3,1,1,0,1,0
25554157,250,3,0,1,0,1,0
25554171,250,3,0,0,0,1,0
25554194,250,3,0,1,0,1,0
25554233,250,3,1,1,0,1,0
25554234,251,3,1,1,0,1,0
25554255,169,3,1,1,0,1,0
25554282,169,3,0,1,0,1,0
25554296,169,3,0,0,0,1,0
25554319,169,3,0,1,0,1,0
25554358,169,3,1,1,0,1,0
25554359,191,3,1,1,0,1,0
25554380,190,3,1,1,0,1,0
25554407,190,3,0,1,0,1,0
25554420,190,3,0,0,0,1,0
25554444,190,3,0,1,0,1,0
25554484,190,3,1,1,0,1,0
25554505,161,3,1,1,0,1,0
25554532,161,3,0,1,0,1,0
25554545,161,3,0,0,0,1,0
25554557,161,3,0,1,0,1,0
25554591,161,3,1,1,0,1,0
25554630,181,3,1,1,0,1,0
25554656,181,3,0,1,0,1,0
25554670,181,3,0,0,0,1,0
25554681,181,3,0,1,0,1,0
25554716,181,3,1,1,0,1,0
25554755,179,3,1,1,0,1,0
25554781,179,3,0,1,0,1,0
25554795,179,3,0,0,0,1,0
25554806,179,3,0,1,0,1,0
25554842,179,3,1,1,0,1,0
25554917,81,3,1,1,0,1,0
25554939,81,3,0,1,0,1,0
25554952,81,3,0,0,0,1,0
25554969,81,3,0,1,0,1,0
25555006,81,3,1,1,0,1,0
25555007,223,3,1,1,0,1,0
25555042,255,3,1,1,0,1,0
25555063,255,3,0,1,0,1,0
25555077,255,3,0,0,0,1,0
25555093,255,3,0,1,0,1,0
25555132,255,3,1,1,0,1,0
25555167,253,3,1,1,0,1,0
25555188,253,3,0,1,0,1,0
25555202,253,3,0,0,0,1,0
25555218,253,3,0,1,0,1,0
25555257,253,3,1,1,0,1,0
25555292,137,3,1,1,0,1,0
25555313,137,3,0,1,0,1,0
25555326,137,3,0,0,0,1,0
25555343,137,3,0,1,0,1,0
25555381,137,3,1,1,0,1,0
25555382,69,3,1,1,0,1,0
25555417,68,3,1,1,0,1,0
25555438,68,3,0,1,0,1,0
25555451,68,3,0,0,0,1,0
25555468,68,3,0,1,0,1,0
25555506,68,3,1,1,0,1,0
25555580,223,3,1,1,0,1,0
25555603,223,3,0,1,0,1,0
25555617,223,3,0,0,0,1,0
25555631,223,3,0,1,0,1,0
25555671,223,3,1,1,0,1,0
25555672,159,3,1,1,0,1,0
25555704,168,3,1,1,0,1,0
25555728,168,3,0,1,0,1,0
25555741,168,3,0,0,0,1,0
25555756,168,3,0,1,0,1,0
25555796,168,3,1,1,0,1,0
25555797,190,3,1,1,0,1,0
25555829,158,3,1,1,0,1,0
25555853,158,3,0,1,0,1,0
25555866,158,3,0,0,0,1,0
25555881,158,3,0,1,0,1,0
25555921,158,3,1,1,0,1,0
25555954,14,3,1,1,0,1,0
25555978,14,3,0,1,0,1,0
25555991,14,3,0,0,0,1,0
25556006,14,3,0,1,0,1,0
25556045,14,3,1,1,0,1,0
25556046,15,3,1,1,0,1,0
25556079,7,3,1,1,0,1,0
25556102,7,3,0,1,0,1,0
25556116,7,3,0,0,0,1,0
25556131,7,3,0,1,0,1,0
25556170,7,3,1,1,0,1,0
25556171,15,3,1,1,0,1,0
25556204,11,3,1,1,0,1,0
25556227,11,3,0,1,0,1,0
25556241,11,3,0,0,0,1,0
25556256,11,3,0,1,0,1,0
25556296,11,3,1,1,0,1,0
25556367,0,3,1,1,0,1,0
25556393,0,3,0,1,0,1,0
25556406,0,3,0,0,0,1,0
25556418,0,3,0,1,0,1,0
25556452,0,3,1,1,0,1,0
25556492,7,3,1,1,0,1,0
25556517,7,3,0,1,0,1,0
25556531,7,3,0,0,0,1,0
25556543,7,3,0,1,0,1,0
25556577,7,3,1,1,0,1,0
25556578,167,3,1,1,0,1,0
25556617,179,3,1,1,0,1,0
25556642,179,3,0,1,0,1,0
25556656,179,3,0,0,0,1,0
25556668,179,3,0,1,0,1,0
25556703,179,3,1,1,0,1,0
25556742,177,3,1,1,0,1,0
25556767,177,3,0,1,0,1,0
25556780,177,3,0,0,0,1,0
25556793,177,3,0,1,0,1,0
25556827,177,3,1,1,0,1,0
25556867,0,3,1,1,0,1,0
25556892,0,3,0,1,0,1,0
25556905,0,3,0,0,0,1,0
25556918,0,3,0,1,0,1,0
25556951,0,3,1,1,0,1,0
25556992,6,3,1,1,0,1,0
25557017,6,3,0,1,0,1,0
25557030,6,3,0,0,0,1,0
25557043,6,3,0,1,0,1,0
25557084,6,3,1,1,0,1,0
25557085,7,3,1,1,0,1,0
25557154,1,3,1,1,0,1,0
25557174,1,3,0,1,0,1,0
25557187,1,3,0,0,0,1,0
25557206,1,3,0,1,0,1,0
25557242,1,3,1,1,0,1,0
25557279,11,3,1,1,0,1,0
25557307,11,3,0,1,0,1,0
25557320,11,3,0,0,0,1,0
25557343,11,3,0,1,0,1,0
25557383,11,3,1,1,0,1,0
25557384,251,3,1,1,0,1,0
25557404,250,3,1,1,0,1,0
25557432,250,3,0,1,0,1,0
25557445,250,3,0,0,0,1,0
25557468,250,3,0,1,0,1,0
25557508,250,3,1,1,0,1,0
25557529,8,3,1,1,0,1,0
25557556,8,3,0,1,0,1,0
25557570,8,3,0,0,0,1,0
25557593,8,3,0,1,0,1,0
25557632,8,3,1,1,0,1,0
25557633,157,3,1,1,0,1,0
25557654,149,3,1,1,0,1,0
25557681,149,3,0,1,0,1,0
25557695,149,3,0,0,0,1,0
25557718,149,3,0,1,0,1,0
25557757,149,3,1,1,0,1,0
25557758,189,3,1,1,0,1,0
25557779,188,3,1,1,0,1,0
25557806,188,3,0,1,0,1,0
25557819,188,3,0,0,0,1,0
25557831,188,3,0,1,0,1,0
25557866,188,3,1,1,0,1,0
25557941,22,3,1,1,0,1,0
25557963,22,3,0,1,0,1,0
25557977,22,3,0,0,0,1,0
25557993,22,3,0,1,0,1,0
25558031,22,3,1,1,0,1,0
25558032,30,3,1,1,0,1,0
25558066,12,3,1,1,0,1,0
25558088,12,3,0,1,0,1,0
25558101,12,3,0,0,0,1,0
25558118,12,3,0,1,0,1,0
25558157,12,3,1,1,0,1,0
25558191,0,3,1,1,0,1,0
25558213,0,3,0,1,0,1,0
25558226,0,3,0,0,0,1,0
25558243,0,3,0,1,0,1,0
25558316,0,3,1,1,0,1,0
25558338,0,3,0,1,0,1,0
25558351,0,3,0,0,0,1,0
25558368,0,3,0,1,0,1,0
25558405,0,3,1,1,0,1,0
25558441,1,3,1,1,0,1,0
25558462,1,3,0,1,0,1,0
25558476,1,3,0,0,0,1,0
25558493,1,3,0,1,0,1,0
25558530,1,3,1,1,0,1,0
25558604,255,3,1,1,0,1,0
25558628,255,3,0,1,0,1,0
25558641,255,3,0,0,0,1,0
25558655,255,3,0,1,0,1,0
25558696,255,3,1,1,0,1,0
25558729,179,3,1,1,0,1,0
25558753,179,3,0,1,0,1,0
25558766,179,3,0,0,0,1,0
25558780,179,3,0,1,0,1,0
25558820,179,3,1,1,0,1,0
25558821,183,3,1,1,0,1,0
25558854,197,3,1,1,0,1,0
25558877,197,3,0,1,0,1,0
25558891,197,3,0,0,0,1,0
25558905,197,3,0,1,0,1,0
25558945,197,3,1,1,0,1,0
25558979,255,3,1,1,0,1,0
25559002,255,3,0,1,0,1,0
25559016,255,3,0,0,0,1,0
25559030,255,3,0,1,0,1,0
25559071,255,3,1,1,0,1,0
25559104,247,3,1,1,0,1,0
25559127,247,3,0,1,0,1,0
25559140,247,3,0,0,0,1,0
25559155,247,3,0,1,0,1,0
25559196,247,3,1,1,0,1,0
25559229,33,3,1,1,0,1,0
25559252,33,3,0,1,0,1,0
25559265,33,3,0,0,0,1,0
25559280,33,3,0,1,0,1,0
25559320,33,3,1,1,0,1,0
25559391,12,3,1,1,0,1,0
25559417,12,3,0,1,0,1,0
25559431,12,3,0,0,0,1,0
25559443,12,3,0,1,0,1,0
25559477,12,3,1,1,0,1,0
25559516,252,3,1,1,0,1,0
25559542,252,3,0,1,0,1,0
25559555,252,3,0,0,0,1,0
25559568,252,3,0,1,0,1,0
25559602,252,3,1,1,0,1,0
25559603,40,3,1,1,0,1,0
25559641,0,3,1,1,0,1,0
25559667,0,3,0,1,0,1,0
25559680,0,3,0,0,0,1,0
25559693,0,3,0,1,0,1,0
25559727,0,3,1,1,0,1,0
25559766,161,3,1,1,0,1,0
25559792,161,3,0,1,0,1,0
25559805,161,3,0,0,0,1,0
25559818,161,3,0,1,0,1,0
25559851,161,3,1,1,0,1,0
25559852,233,3,1,1,0,1,0
25559891,201,3,1,1,0,1,0
25559916,201,3,0,1,0,1,0
25559930,201,3,0,0,0,1,0
25559943,201,3,0,1,0,1,0
25559976,201,3,1,1,0,1,0
25559977,253,3,1,1,0,1,0
25560016,189,3,1,1,0,1,0
25560041,189,3,0,1,0,1,0
25560055,189,3,0,0,0,1,0
25560067,189,3,0,1,0,1,0
25560101,189,3,1,1,0,1,0
25560102,63,3,1,1,0,1,0
25560178,26,3,1,1,0,1,0
25560198,26,3,0,1,0,1,0
25560212,26,3,0,0,0,1,0
25560230,26,3,0,1,0,1,0
25560266,26,3,1,1,0,1,0
25560267,30,3,1,1,0,1,0
25560303,12,3,1,1,0,1,0
25560323,12,3,0,1,0,1,0
25560337,12,3,0,0,0,1,0
25560355,12,3,0,1,0,1,0
25560391,12,3,1,1,0,1,0
25560392,140,3,1,1,0,1,0
25560428,152,3,1,1,0,1,0
25560448,152,3,0,1,0,1,0
25560461,152,3,0,0,0,1,0
25560480,152,3,0,1,0,1,0
25560516,152,3,1,1,0,1,0
25560517,185,3,1,1,0,1,0
25560553,169,3,1,1,0,1,0
25560581,169,3,0,1,0,1,0
25560594,169,3,0,0,0,1,0
25560617,169,3,0,1,0,1,0
25560658,169,3,1,1,0,1,0
25560678,144,3,1,1,0,1,0
25560706,144,3,0,1,0,1,0
25560719,144,3,0,0,0,1,0
25560742,144,3,0,1,0,1,0
25560782,144,3,1,1,0,1,0
25560841,189,3,1,1,0,1,0
25560863,189,3,0,1,0,1,0
25560876,189,3,0,0,0,1,0
25560892,189,3,0,1,0,1,0
25560931,189,3,1,1,0,1,0
25560932,191,3,1,1,0,1,0
25560966,3,3,1,1,0,1,0
25560988,3,3,0,1,0,1,0
25561001,3,3,0,0,0,1,0
25561017,3,3,0,1,0,1,0
25561056,3,3,1,1,0,1,0
25561057,187,3,1,1,0,1,0
25561091,186,3,1,1,0,1,0
25561113,186,3,0,1,0,1,0
25561126,186,3,0,0,0,1,0
25561142,186,3,0,1,0,1,0
25561180,186,3,1,1,0,1,0
25561181,187,3,1,1,0,1,0
25561216,177,3,1,1,0,1,0
25561237,177,3,0,1,0,1,0
25561251,177,3,0,0,0,1,0
25561267,177,3,0,1,0,1,0
25561306,177,3,1,1,0,1,0
25561341,0,3,1,1,0,1,0
25561362,0,3,0,1,0,1,0
25561376,0,3,0,0,0,1,0
25561392,0,3,0,1,0,1,0
25561430,0,3,1,1,0,1,0
25561466,144,3,1,1,0,1,0
25561487,144,3,0,1,0,1,0
25561500,144,3,0,0,0,1,0
25561517,144,3,0,1,0,1,0
25561555,144,3,1,1,0,1,0
25561556,187,3,1,1,0,1,0
25561628,171,3,1,1,0,1,0
25561652,171,3,0,1,0,1,0
25561666,171,3,0,0,0,1,0
25561680,171,3,0,1,0,1,0
25561720,171,3,1,1,0,1,0
25561721,187,3,1,1,0,1,0
25561753,16,3,1,1,0,1,0
25561777,16,3,0,1,0,1,0
25561791,16,3,0,0,0,1,0
25561805,16,3,0,1,0,1,0
25561845,16,3,1,1,0,1,0
25561846,254,3,1,1,0,1,0
25561878,238,3,1,1,0,1,0
25561902,238,3,0,1,0,1,0
25561915,238,3,0,0,0,1,0
25561930,238,3,0,1,0,1,0
25561970,238,3,1,1,0,1,0
25561971,255,3,1,1,0,1,0
25562003,249,3,1,1,0,1,0
25562027,249,3,0,1,0,1,0
25562040,249,3,0,0,0,1,0
25562055,249,3,0,1,0,1,0
25562095,249,3,1,1,0,1,0
25562128,11,3,1,1,0,1,0
25562152,11,3,0,1,0,1,0
25562165,11,3,0,0,0,1,0
25562180,11,3,0,1,0,1,0
25562219,11,3,1,1,0,1,0
25562220,15,3,1,1,0,1,0
25562253,13,3,1,1,0,1,0
25562276,13,3,0,1,0,1,0
25562290,13,3,0,0,0,1,0
25562304,13,3,0,1,0,1,0
25562345,13,3,1,1,0,1,0
25562416,0,3,1,1,0,1,0
25562442,0,3,0,1,0,1,0
25562455,0,3,0,0,0,1,0
25562467,0,3,0,1,0,1,0
25562502,0,3,1,1,0,1,0
25562541,10,3,1,1,0,1,0
25562567,10,3,0,1,0,1,0
25562580,10,3,0,0,0,1,0
25562592,10,3,0,1,0,1,0
25562626,10,3,1,1,0,1,0
25562627,234,3,1,1,0,1,0
25562666,226,3,1,1,0,1,0
25562691,226,3,0,1,0,1,0
25562705,226,3,0,0,0,1,0
25562717,226,3,0,1,0,1,0
25562751,226,3,1,1,0,1,0
25562752,230,3,1,1,0,1,0
25562790,14,3,1,1,0,1,0
25562816,14,3,0,1,0,1,0
25562830,14,3,0,0,0,1,0
25562842,14,3,0,1,0,1,0
25562876,14,3,1,1,0,1,0
25562877,142,3,1,1,0,1,0
25562915,136,3,1,1,0,1,0
25562941,136,3,0,1,0,1,0
25562954,136,3,0,0,0,1,0
25562967,136,3,0,1,0,1,0
25563001,136,3,1,1,0,1,0
25563078,68,3,1,1,0,1,0
25563098,68,3,0,1,0,1,0
25563112,68,3,0,0,0,1,0
25563129,68,3,0,1,0,1,0
25563166,68,3,1,1,0,1,0
25563167,96,3,1,1,0,1,0
25563203,32,3,1,1,0,1,0
25563223,32,3,0,1,0,1,0
25563237,32,3,0,0,0,1,0
25563254,32,3,0,1,0,1,0
25563291,32,3,1,1,0,1,0
25563328,188,3,1,1,0,1,0
25563348,188,3,0,1,0,1,0
25563361,188,3,0,0,0,1,0
25563379,188,3,0,1,0,1,0
25563416,188,3,1,1,0,1,0
25563453,169,3,1,1,0,1,0
25563473,169,3,0,1,0,1,0
25563486,169,3,0,0,0,1,0
25563504,169,3,0,1,0,1,0
25563540,169,3,1,1,0,1,0
25563541,185,3,1,1,0,1,0
25563578,176,3,1,1,0,1,0
25563597,176,3,0,1,0,1,0
25563611,176,3,0,0,0,1,0
25563629,176,3,0,1,0,1,0
25563666,176,3,1,1,0,1,0
25563703,32,3,1,1,0,1,0
25563730,32,3,0,1,0,1,0
25563744,32,3,0,0,0,1,0
25563767,32,3,0,1,0,1,0
25563806,32,3,1,1,0,1,0
25563865,181,3,1,1,0,1,0
25563888,181,3,0,1,0,1,0
25563901,181,3,0,0,0,1,0
25563917,181,3,0,1,0,1,0
25563956,181,3,1,1,0,1,0
25563990,169,3,1,1,0,1,0
25564012,169,3,0,1,0,1,0
25564026,169,3,0,0,0,1,0
25564042,169,3,0,1,0,1,0
25564080,169,3,1,1,0,1,0
25564081,185,3,1,1,0,1,0
25564115,176,3,1,1,0,1,0
25564137,176,3,0,1,0,1,0
25564151,176,3,0,0,0,1,0
25564167,176,3,0,1,0,1,0
25564206,176,3,1,1,0,1,0
25564240,32,3,1,1,0,1,0
25564262,32,3,0,1,0,1,0
25564275,32,3,0,0,0,1,0
25564292,32,3,0,1,0,1,0
25564330,32,3,1,1,0,1,0
25564365,189,3,1,1,0,1,0
25564387,189,3,0,1,0,1,0
25564400,189,3,0,0,0,1,0
25564417,189,3,0,1,0,1,0
25564455,189,3,1,1,0,1,0
25564490,223,3,1,1,0,1,0
25564512,223,3,0,1,0,1,0
25564525,223,3,0,0,0,1,0
25564541,223,3,0,1,0,1,0
25564580,223,3,1,1,0,1,0
25564653,202,3,1,1,0,1,0
25564677,202,3,0,1,0,1,0
25564690,202,3,0,0,0,1,0
25564704,202,3,0,1,0,1,0
25564745,202,3,1,1,0,1,0
25564746,222,3,1,1,0,1,0
25564778,158,3,1,1,0,1,0
25564802,158,3,0,1,0,1,0
25564815,158,3,0,0,0,1,0
25564829,158,3,0,1,0,1,0
25564870,158,3,1,1,0,1,0
25564903,14,3,1,1,0,1,0
25564927,14,3,0,1,0,1,0
25564940,14,3,0,0,0,1,0
25564954,14,3,0,1,0,1,0
25564995,14,3,1,1,0,1,0
25565028,33,3,1,1,0,1,0
25565051,33,3,0,1,0,1,0
25565065,33,3,0,0,0,1,0
25565079,33,3,0,1,0,1,0
25565120,33,3,1,1,0,1,0
25565152,1,3,1,1,0,1,0
25565176,1,3,0,1,0,1,0
25565190,1,3,0,0,0,1,0
25565204,1,3,0,1,0,1,0
25565244,1,3,1,1,0,1,0
25565245,251,3,1,1,0,1,0
25565278,250,3,1,1,0,1,0
25565301,250,3,0,1,0,1,0
25565314,250,3,0,0,0,1,0
25565329,250,3,0,1,0,1,0
25565370,250,3,1,1,0,1,0
25565440,0,3,1,1,0,1,0
25565466,0,3,0,1,0,1,0
25565480,0,3,0,0,0,1,0
25565491,0,3,0,1,0,1,0
25565526,0,3,1,1,0,1,0
25565565,33,3,1,1,0,1,0
25565591,33,3,0,1,0,1,0
25565605,33,3,0,0,0,1,0
25565616,33,3,0,1,0,1,0
25565652,33,3,1,1,0,1,0
25565690,0,3,1,1,0,1,0
25565716,0,3,0,1,0,1,0
25565729,0,3,0,0,0,1,0
25565741,0,3,0,1,0,1,0
25565776,0,3,1,1,0,1,0
25565815,2,3,1,1,0,1,0
25565841,2,3,0,1,0,1,0
25565854,2,3,0,0,0,1,0
25565866,2,3,0,1,0,1,0
25565901,2,3,1,1,0,1,0
25565940,0,3,1,1,0,1,0
25565966,0,3,0,1,0,1,0
25565979,0,3,0,0,0,1,0
25565991,0,3,0,1,0,1,0
25566025,0,3,1,1,0,1,0
25566102,186,3,1,1,0,1,0
25566123,186,3,0,1,0,1,0
25566136,186,3,0,0,0,1,0
25566154,186,3,0,1,0,1,0
25566191,186,3,1,1,0,1,0
25566192,58,3,1,1,0,1,0
25566227,17,3,1,1,0,1,0
25566248,17,3,0,1,0,1,0
25566261,17,3,0,0,0,1,0
25566279,17,3,0,1,0,1,0
25566316,17,3,1,1,0,1,0
25566352,0,3,1,1,0,1,0
25566372,0,3,0,1,0,1,0
25566386,0,3,0,0,0,1,0
25566404,0,3,0,1,0,1,0
25566440,0,3,1,1,0,1,0
25566477,144,3,1,1,0,1,0
25566497,144,3,0,1,0,1,0
25566511,144,3,0,0,0,1,0
25566529,144,3,0,1,0,1,0
25566565,144,3,1,1,0,1,0
25566566,157,3,1,1,0,1,0
25566602,141,3,1,1,0,1,0
25566622,141,3,0,1,0,1,0
25566635,141,3,0,0,0,1,0
25566654,141,3,0,1,0,1,0
25566690,141,3,1,1,0,1,0
25566691,205,3,1,1,0,1,0
25566727,65,3,1,1,0,1,0
25566747,65,3,0,1,0,1,0
25566760,65,3,0,0,0,1,0
25566779,65,3,0,1,0,1,0
25566815,65,3,1,1,0,1,0
25566816,159,3,1,1,0,1,0
25566890,158,3,1,1,0,1,0
25566912,158,3,0,1,0,1,0
25566926,158,3,0,0,0,1,0
25566941,158,3,0,1,0,1,0
25566981,158,3,1,1,0,1,0
25567015,8,3,1,1,0,1,0
25567037,8,3,0,1,0,1,0
25567051,8,3,0,0,0,1,0
25567066,8,3,0,1,0,1,0
25567105,8,3,1,1,0,1,0
25567106,157,3,1,1,0,1,0
25567140,149,3,1,1,0,1,0
25567162,149,3,0,1,0,1,0
25567175,149,3,0,0,0,1,0
25567191,149,3,0,1,0,1,0
25567230,149,3,1,1,0,1,0
25567231,197,3,1,1,0,1,0
25567265,196,3,1,1,0,1,0
25567287,196,3,0,1,0,1,0
25567300,196,3,0,0,0,1,0
25567316,196,3,0,1,0,1,0
25567355,196,3,1,1,0,1,0
25567390,223,3,1,1,0,1,0
25567411,223,3,0,1,0,1,0
25567425,223,3,0,0,0,1,0
25567441,223,3,0,1,0,1,0
25567480,223,3,1,1,0,1,0
25567514,213,3,1,1,0,1,0
25567536,213,3,0,1,0,1,0
25567550,213,3,0,0,0,1,0
25567566,213,3,0,1,0,1,0
25567604,213,3,1,1,0,1,0
25567605,221,3,1,1,0,1,0
25567677,158,3,1,1,0,1,0
25567702,158,3,0,1,0,1,0
25567715,158,3,0,0,0,1,0
25567728,158,3,0,1,0,1,0
25567770,158,3,1,1,0,1,0
25567802,14,3,1,1,0,1,0
25567826,14,3,0,1,0,1,0
25567840,14,3,0,0,0,1,0
25567853,14,3,0,1,0,1,0
25567894,14,3,1,1,0,1,0
25567895,47,3,1,1,0,1,0
25567927,33,3,1,1,0,1,0
25567951,33,3,0,1,0,1,0
25567965,33,3,0,0,0,1,0
25567978,33,3,0,1,0,1,0
25568019,33,3,1,1,0,1,0
25568020,41,3,1,1,0,1,0
25568052,9,3,1,1,0,1,0
25568076,9,3,0,1,0,1,0
25568089,9,3,0,0,0,1,0
25568103,9,3,0,1,0,1,0
25568144,9,3,1,1,0,1,0
25568145,251,3,1,1,0,1,0
25568177,250,3,1,1,0,1,0
25568201,250,3,0,1,0,1,0
25568214,250,3,0,0,0,1,0
25568228,250,3,0,1,0,1,0
25568269,250,3,1,1,0,1,0
25568339,0,3,1,1,0,1,0
25568366,0,3,0,1,0,1,0
25568380,0,3,0,0,0,1,0
25568391,0,3,0,1,0,1,0
25568426,0,3,1,1,0,1,0
25568464,171,3,1,1,0,1,0
25568491,171,3,0,1,0,1,0
25568505,171,3,0,0,0,1,0
25568516,171,3,0,1,0,1,0
25568551,171,3,1,1,0,1,0
25568552,243,3,1,1,0,1,0
25568589,208,3,1,1,0,1,0
25568616,208,3,0,1,0,1,0
25568629,208,3,0,0,0,1,0
25568641,208,3,0,1,0,1,0
25568676,208,3,1,1,0,1,0
25568714,141,3,1,1,0,1,0
25568741,141,3,0,1,0,1,0
25568754,141,3,0,0,0,1,0
25568766,141,3,0,1,0,1,0
25568800,141,3,1,1,0,1,0
25568801,205,3,1,1,0,1,0
25568839,65,3,1,1,0,1,0
25568865,65,3,0,1,0,1,0
25568879,65,3,0,0,0,1,0
25568891,65,3,0,1,0,1,0
25568925,65,3,1,1,0,1,0
25568926,223,3,1,1,0,1,0
25568964,158,3,1,1,0,1,0
25568990,158,3,0,1,0,1,0
25569004,158,3,0,0,0,1,0
25569016,158,3,0,1,0,1,0
25569051,158,3,1,1,0,1,0
25569127,8,3,1,1,0,1,0
25569148,8,3,0,1,0,1,0
25569161,8,3,0,0,0,1,0
25569178,8,3,0,1,0,1,0
25569215,8,3,1,1,0,1,0
25569252,169,3,1,1,0,1,0
25569272,169,3,0,1,0,1,0
25569286,169,3,0,0,0,1,0
25569303,169,3,0,1,0,1,0
25569340,169,3,1,1,0,1,0
25569377,189,3,1,1,0,1,0
25569397,189,3,0,1,0,1,0
25569411,189,3,0,0,0,1,0
25569428,189,3,0,1,0,1,0
25569465,189,3,1,1,0,1,0
25569466,191,3,1,1,0,1,0
25569502,139,3,1,1,0,1,0
25569522,139,3,0,1,0,1,0
25569535,139,3,0,0,0,1,0
25569553,139,3,0,1,0,1,0
25569590,139,3,1,1,0,1,0
25569591,191,3,1,1,0,1,0
25569627,188,3,1,1,0,1,0
25569647,188,3,0,1,0,1,0
25569660,188,3,0,0,0,1,0
25569678,188,3,0,1,0,1,0
25569715,188,3,1,1,0,1,0
25569752,158,3,1,1,0,1,0
25569771,158,3,0,1,0,1,0
25569785,158,3,0,0,0,1,0
25569803,158,3,0,1,0,1,0
25569839,158,3,1,1,0,1,0
25569840,159,3,1,1,0,1,0
25569914,9,3,1,1,0,1,0
25569937,9,3,0,1,0,1,0
25569950,9,3,0,0,0,1,0
25569965,9,3,0,1,0,1,0
25570005,9,3,1,1,0,1,0
25570006,13,3,1,1,0,1,0
25570039,12,3,1,1,0,1,0
25570062,12,3,0,1,0,1,0
25570075,12,3,0,0,0,1,0
25570090,12,3,0,1,0,1,0
25570130,12,3,1,1,0,1,0
25570164,200,3,1,1,0,1,0
25570186,200,3,0,1,0,1,0
25570200,200,3,0,0,0,1,0
25570215,200,3,0,1,0,1,0
25570254,200,3,1,1,0,1,0
25570255,233,3,1,1,0,1,0
25570289,169,3,1,1,0,1,0
25570311,169,3,0,1,0,1,0
25570325,169,3,0,0,0,1,0
25570340,169,3,0,1,0,1,0
25570379,169,3,1,1,0,1,0
25570380,233,3,1,1,0,1,0
25570414,192,3,1,1,0,1,0
25570436,192,3,0,1,0,1,0
25570449,192,3,0,0,0,1,0
25570465,192,3,0,1,0,1,0
25570504,192,3,1,1,0,1,0
25570576,232,3,1,1,0,1,0
25570602,232,3,0,1,0,1,0
25570615,232,3,0,0,0,1,0
25570628,232,3,0,1,0,1,0
25570661,232,3,1,1,0,1,0
25570701,251,3,1,1,0,1,0
25570726,251,3,0,1,0,1,0
25570740,251,3,0,0,0,1,0
25570753,251,3,0,1,0,1,0
25570786,251,3,1,1,0,1,0
25570787,251,3,0,1,0,1,0
25570826,32,3,1,1,0,1,0
25570851,32,3,0,1,0,1,0
25570865,32,3,0,0,0,1,0
25570878,32,3,0,1,0,1,0
25570919,32,3,1,1,0,1,0
25570920,168,3,1,1,0,1,0
25570951,136,3,1,1,0,1,0
25570976,136,3,0,1,0,1,0
25570989,136,3,0,0,0,1,0
25571003,136,3,0,1,0,1,0
25571044,136,3,1,1,0,1,0
25571076,140,3,1,1,0,1,0
25571101,140,3,0,1,0,1,0
25571114,140,3,0,0,0,1,0
25571128,140,3,0,1,0,1,0
25571169,140,3,1,1,0,1,0
25571201,132,3,1,1,0,1,0
25571225,132,3,0,1,0,1,0
25571239,132,3,0,0,0,1,0
25571253,132,3,0,1,0,1,0
25571293,132,3,1,1,0,1,0
25571364,158,3,1,1,0,1,0
25571391,158,3,0,1,0,1,0
25571404,158,3,0,0,0,1,0
25571428,158,3,0,1,0,1,0
25571468,158,3,1,1,0,1,0
25571489,6,3,1,1,0,1,0
25571516,6,3,0,1,0,1,0
25571529,6,3,0,0,0,1,0
25571541,6,3,0,1,0,1,0
25571575,6,3,1,1,0,1,0
25571614,223,3,1,1,0,1,0
25571640,223,3,0,1,0,1,0
25571654,223,3,0,0,0,1,0
25571665,223,3,0,1,0,1,0
25571701,223,3,1,1,0,1,0
25571739,240,3,1,1,0,1,0
25571765,240,3,0,1,0,1,0
25571779,240,3,0,0,0,1,0
25571790,240,3,0,1,0,1,0
25571825,240,3,1,1,0,1,0
25571826,249,3,1,1,0,1,0
25571864,169,3,1,1,0,1,0
25571890,169,3,0,1,0,1,0
25571903,169,3,0,0,0,1,0
25571915,169,3,0,1,0,1,0
25571950,169,3,1,1,0,1,0
25571951,161,3,1,1,0,1,0
25571989,128,3,1,1,0,1,0
25572015,128,3,0,1,0,1,0
25572028,128,3,0,0,0,1,0
25572040,128,3,0,1,0,1,0
25572075,128,3,1,1,0,1,0
25572151,232,3,1,1,0,1,0
25572172,232,3,0,1,0,1,0
25572186,232,3,0,0,0,1,0
25572202,232,3,0,1,0,1,0
25572240,232,3,1,1,0,1,0
25572276,250,3,1,1,0,1,0
25572297,250,3,0,1,0,1,0
25572310,250,3,0,0,0,1,0
25572327,250,3,0,1,0,1,0
25572365,250,3,1,1,0,1,0
25572366,254,3,1,1,0,1,0
25572401,52,3,1,1,0,1,0
25572422,52,3,0,1,0,1,0
25572435,52,3,0,0,0,1,0
25572452,52,3,0,1,0,1,0
25572490,52,3,1,1,0,1,0
25572526,14,3,1,1,0,1,0
25572547,14,3,0,1,0,1,0
25572560,14,3,0,0,0,1,0
25572577,14,3,0,1,0,1,0
25572615,14,3,1,1,0,1,0
25572651,0,3,1,1,0,1,0
25572671,0,3,0,1,0,1,0
25572685,0,3,0,0,0,1,0
25572702,0,3,0,1,0,1,0
25572739,0,3,1,1,0,1,0
25572776,89,3,1,1,0,1,0
25572796,89,3,0,1,0,1,0
25572810,89,3,0,0,0,1,0
25572827,89,3,0,1,0,1,0
25572864,89,3,1,1,0,1,0
25572865,217,3,1,1,0,1,0
25572938,141,3,1,1,0,1,0
25572962,141,3,0,1,0,1,0
25572975,141,3,0,0,0,1,0
25572990,141,3,0,1,0,1,0
25573029,141,3,1,1,0,1,0
25573030,237,3,1,1,0,1,0
25573063,228,3,1,1,0,1,0
25573086,228,3,0,1,0,1,0
25573100,228,3,0,0,0,1,0
25573115,228,3,0,1,0,1,0
25573154,228,3,1,1,0,1,0
25573188,230,3,1,1,0,1,0
25573211,230,3,0,1,0,1,0
25573225,230,3,0,0,0,1,0
25573240,230,3,0,1,0,1,0
25573280,230,3,1,1,0,1,0
25573313,3,3,1,1,0,1,0
25573336,3,3,0,1,0,1,0
25573349,3,3,0,0,0,1,0
25573365,3,3,0,1,0,1,0
25573404,3,3,1,1,0,1,0
25573405,35,3,1,1,0,1,0
25573438,32,3,1,1,0,1,0
25573461,32,3,0,1,0,1,0
25573474,32,3,0,0,0,1,0
25573490,32,3,0,1,0,1,0
25573529,32,3,1,1,0,1,0
25573601,232,3,1,1,0,1,0
25573626,232,3,0,1,0,1,0
25573640,232,3,0,0,0,1,0
25573652,232,3,0,1,0,1,0
25573686,232,3,1,1,0,1,0
25573687,233,3,1,1,0,1,0
25573726,169,3,1,1,0,1,0
25573751,169,3,0,1,0,1,0
25573764,169,3,0,0,0,1,0
25573777,169,3,0,1,0,1,0
25573811,169,3,1,1,0,1,0
25573851,224,3,1,1,0,1,0
25573876,224,3,0,1,0,1,0
25573889,224,3,0,0,0,1,0
25573902,224,3,0,1,0,1,0
25573935,224,3,1,1,0,1,0
25573976,232,3,1,1,0,1,0
25574000,232,3,0,1,0,1,0
25574014,232,3,0,0,0,1,0
25574027,232,3,0,1,0,1,0
25574068,232,3,1,1,0,1,0
25574069,234,3,1,1,0,1,0
25574101,2,3,1,1,0,1,0
25574125,2,3,0,1,0,1,0
25574139,2,3,0,0,0,1,0
25574152,2,3,0,1,0,1,0
25574193,2,3,1,1,0,1,0
25574226,127,3,1,1,0,1,0
25574250,127,3,0,1,0,1,0
25574263,127,3,0,0,0,1,0
25574277,127,3,0,1,0,1,0
25574319,127,3,1,1,0,1,0
25574388,4,3,1,1,0,1,0
25574416,4,3,0,1,0,1,0
25574429,4,3,0,0,0,1,0
25574452,4,3,0,1,0,1,0
25574492,4,3,1,1,0,1,0
25574513,161,3,1,1,0,1,0
25574540,161,3,0,1,0,1,0
25574554,161,3,0,0,0,1,0
25574577,161,3,0,1,0,1,0
25574616,161,3,1,1,0,1,0
25574617,177,3,1,1,0,1,0
25574638,48,3,1,1,0,1,0
25574665,48,3,0,1,0,1,0
25574679,48,3,0,0,0,1,0
25574691,48,3,0,1,0,1,0
25574725,48,3,1,1,0,1,0
25574726,178,3,1,1,0,1,0
25574763,162,3,1,1,0,1,0
25574790,162,3,0,1,0,1,0
25574803,162,3,0,0,0,1,0
25574815,162,3,0,1,0,1,0
25574850,162,3,1,1,0,1,0
25574888,135,3,1,1,0,1,0
25574915,135,3,0,1,0,1,0
25574928,135,3,0,0,0,1,0
25574940,135,3,0,1,0,1,0
25574974,135,3,1,1,0,1,0
25574975,143,3,1,1,0,1,0
25575013,10,3,1,1,0,1,0
25575039,10,3,0,1,0,1,0
25575053,10,3,0,0,0,1,0
25575064,10,3,0,1,0,1,0
25575100,10,3,1,1,0,1,0
25575175,8,3,1,1,0,1,0
25575197,8,3,0,1,0,1,0
25575210,8,3,0,0,0,1,0
25575227,8,3,0,1,0,1,0
25575265,8,3,1,1,0,1,0
25575300,13,3,1,1,0,1,0
25575322,13,3,0,1,0,1,0
25575335,13,3,0,0,0,1,0
25575352,13,3,0,1,0,1,0
25575425,13,3,1,1,0,1,0
25575446,13,3,0,1,0,1,0
25575460,13,3,0,0,0,1,0
25575477,13,3,0,1,0,1,0
25575514,13,3,1,1,0,1,0
25575515,239,3,1,1,0,1,0
25575550,238,3,1,1,0,1,0
25575571,238,3,0,1,0,1,0
25575585,238,3,0,0,0,1,0
25575602,238,3,0,1,0,1,0
25575640,238,3,1,1,0,1,0
25575675,1,3,1,1,0,1,0
25575696,1,3,0,1,0,1,0
25575709,1,3,0,0,0,1,0
25575727,1,3,0,1,0,1,0
25575764,1,3,1,1,0,1,0
25575838,189,3,1,1,0,1,0
25575861,189,3,0,1,0,1,0
25575875,189,3,0,0,0,1,0
25575889,189,3,0,1,0,1,0
25575929,189,3,1,1,0,1,0
25575930,191,3,1,1,0,1,0
25575963,10,3,1,1,0,1,0
25575986,10,3,0,1,0,1,0
25576000,10,3,0,0,0,1,0
25576014,10,3,0,1,0,1,0
25576088,10,3,1,1,0,1,0
25576111,10,3,0,1,0,1,0
25576124,10,3,0,0,0,1,0
25576139,10,3,0,1,0,1,0
25576180,10,3,1,1,0,1,0
25576213,8,3,1,1,0,1,0
25576236,8,3,0,1,0,1,0
25576249,8,3,0,0,0,1,0
25576264,8,3,0,1,0,1,0
25576304,8,3,1,1,0,1,0
25576338,10,3,1,1,0,1,0
25576361,10,3,0,1,0,1,0
25576374,10,3,0,0,0,1,0
25576389,10,3,0,1,0,1,0
25576463,10,3,1,1,0,1,0
25576485,10,3,0,1,0,1,0
25576499,10,3,0,0,0,1,0
25576514,10,3,0,1,0,1,0
25576553,10,3,1,1,0,1,0
25576625,238,3,1,1,0,1,0
25576651,238,3,0,1,0,1,0
25576664,238,3,0,0,0,1,0
25576677,238,3,0,1,0,1,0
25576711,238,3,1,1,0,1,0
25576750,6,3,1,1,0,1,0
25576776,6,3,0,1,0,1,0
25576789,6,3,0,0,0,1,0
25576802,6,3,0,1,0,1,0
25576835,6,3,1,1,0,1,0
25576836,143,3,1,1,0,1,0
25576875,139,3,1,1,0,1,0
25576900,139,3,0,1,0,1,0
25576914,139,3,0,0,0,1,0
25576927,139,3,0,1,0,1,0
25576960,139,3,1,1,0,1,0
25576961,175,3,1,1,0,1,0
25577000,172,3,1,1,0,1,0
25577025,172,3,0,1,0,1,0
25577039,172,3,0,0,0,1,0
25577052,172,3,0,1,0,1,0
25577085,172,3,1,1,0,1,0
25577086,238,3,1,1,0,1,0
25577125,230,3,1,1,0,1,0
25577150,230,3,0,1,0,1,0
25577163,230,3,0,0,0,1,0
25577176,230,3,0,1,0,1,0
25577218,230,3,1,1,0,1,0
25577219,239,3,1,1,0,1,0
25577250,237,3,1,1,0,1,0
25577275,237,3,0,1,0,1,0
25577288,237,3,0,0,0,1,0
25577301,237,3,0,1,0,1,0
25577343,237,3,1,1,0,1,0
25577412,189,3,1,1,0,1,0
25577432,189,3,0,1,0,1,0
25577445,189,3,0,0,0,1,0
25577464,189,3,0,1,0,1,0
25577501,189,3,1,1,0,1,0
25577537,224,3,1,1,0,1,0
25577565,224,3,0,1,0,1,0
25577578,224,3,0,0,0,1,0
25577601,224,3,0,1,0,1,0
25577641,224,3,1,1,0,1,0
25577642,253,3,1,1,0,1,0
25577662,189,3,1,1,0,1,0
25577690,189,3,0,1,0,1,0
25577703,189,3,0,0,0,1,0
25577726,189,3,0,1,0,1,0
25577766,189,3,1,1,0,1,0
25577787,13,3,1,1,0,1,0
25577815,13,3,0,1,0,1,0
25577828,13,3,0,0,0,1,0
25577851,13,3,0,1,0,1,0
25577890,13,3,1,1,0,1,0
25577891,205,3,1,1,0,1,0
25577912,223,3,1,1,0,1,0
25577939,223,3,0,1,0,1,0
25577953,223,3,0,0,0,1,0
25577964,223,3,0,1,0,1,0
25577999,223,3,1,1,0,1,0
25578075,255,3,1,1,0,1,0
25578097,255,3,0,1,0,1,0
25578110,255,3,0,0,0,1,0
25578126,255,3,0,1,0,1,0
25578165,255,3,1,1,0,1,0
25578200,189,3,1,1,0,1,0
25578221,189,3,0,1,0,1,0
25578235,189,3,0,0,0,1,0
25578251,189,3,0,1,0,1,0
25578289,189,3,1,1,0,1,0
25578290,191,3,1,1,0,1,0
25578325,10,3,1,1,0,1,0
25578346,10,3,0,1,0,1,0
25578360,10,3,0,0,0,1,0
25578376,10,3,0,1,0,1,0
25578414,10,3,1,1,0,1,0
25578450,127,3,1,1,0,1,0
25578471,127,3,0,1,0,1,0
25578484,127,3,0,0,0,1,0
25578501,127,3,0,1,0,1,0
25578540,127,3,1,1,0,1,0
25578575,6,3,1,1,0,1,0
25578596,6,3,0,1,0,1,0
25578609,6,3,0,0,0,1,0
25578626,6,3,0,1,0,1,0
25578664,6,3,1,1,0,1,0
25578700,158,3,1,1,0,1,0
25578721,158,3,0,1,0,1,0
25578734,158,3,0,0,0,1,0
25578751,158,3,0,1,0,1,0
25578789,158,3,1,1,0,1,0
25578862,8,3,1,1,0,1,0
25578886,8,3,0,1,0,1,0
25578899,8,3,0,0,0,1,0
25578914,8,3,0,1,0,1,0
25578954,8,3,1,1,0,1,0
25578987,189,3,1,1,0,1,0
25579011,189,3,0,1,0,1,0
25579024,189,3,0,0,0,1,0
25579039,189,3,0,1,0,1,0
25579079,189,3,1,1,0,1,0
25579112,138,3,1,1,0,1,0
25579136,138,3,0,1,0,1,0
25579149,138,3,0,0,0,1,0
25579164,138,3,0,1,0,1,0
25579203,138,3,1,1,0,1,0
25579237,171,3,1,1,0,1,0
25579260,171,3,0,1,0,1,0
25579274,171,3,0,0,0,1,0
25579289,171,3,0,1,0,1,0
25579328,171,3,1,1,0,1,0
25579329,255,3,1,1,0,1,0
25579362,245,3,1,1,0,1,0
25579385,245,3,0,1,0,1,0
25579399,245,3,0,0,0,1,0
25579413,245,3,0,1,0,1,0
25579454,245,3,1,1,0,1,0
25579487,28,3,1,1,0,1,0
25579510,28,3,0,1,0,1,0
25579523,28,3,0,0,0,1,0
25579538,28,3,0,1,0,1,0
25579578,28,3,1,1,0,1,0
25579579,253,3,1,1,0,1,0
25579650,249,3,1,1,0,1,0
25579675,249,3,0,1,0,1,0
25579689,249,3,0,0,0,1,0
25579701,249,3,0,1,0,1,0
25579735,249,3,1,1,0,1,0
25579736,248,3,1,1,0,1,0
25579774,8,3,1,1,0,1,0
25579800,8,3,0,1,0,1,0
25579814,8,3,0,0,0,1,0
25579826,8,3,0,1,0,1,0
25579860,8,3,1,1,0,1,0
25579861,10,3,1,1,0,1,0
25579899,2,3,1,1,0,1,0
25579925,2,3,0,1,0,1,0
25579938,2,3,0,0,0,1,0
25579951,2,3,0,1,0,1,0
25579985,2,3,1,1,0,1,0
25580024,189,3,1,1,0,1,0
25580050,189,3,0,1,0,1,0
25580063,189,3,0,0,0,1,0
25580076,189,3,0,1,0,1,0
25580110,189,3,1,1,0,1,0
25580149,113,3,1,1,0,1,0
25580175,113,3,0,1,0,1,0
25580188,113,3,0,0,0,1,0
25580201,113,3,0,1,0,1,0
25580234,113,3,1,1,0,1,0
25580235,253,3,1,1,0,1,0
25580274,189,3,1,1,0,1,0
25580299,189,3,0,1,0,1,0
25580313,189,3,0,0,0,1,0
25580326,189,3,0,1,0,1,0
25580360,189,3,1,1,0,1,0
25580437,96,3,1,1,0,1,0
25580457,96,3,0,1,0,1,0
25580470,96,3,0,0,0,1,0
25580488,96,3,0,1,0,1,0
25580525,96,3,1,1,0,1,0
25580562,189,3,1,1,0,1,0
25580590,189,3,0,1,0,1,0
25580603,189,3,0,0,0,1,0
25580626,189,3,0,1,0,1,0
25580666,189,3,1,1,0,1,0
25580687,128,3,1,1,0,1,0
25580714,128,3,0,1,0,1,0
25580728,128,3,0,0,0,1,0
25580751,128,3,0,1,0,1,0
25580790,128,3,1,1,0,1,0
25580791,246,3,1,1,0,1,0
25580812,118,3,1,1,0,1,0
25580839,118,3,0,1,0,1,0
25580853,118,3,0,0,0,1,0
25580876,118,3,0,1,0,1,0
25580915,118,3,1,1,0,1,0
25580916,119,3,1,1,0,1,0
25580937,9,3,1,1,0,1,0
25580964,9,3,0,1,0,1,0
25580977,9,3,0,0,0,1,0
25581001,9,3,0,1,0,1,0
25581040,9,3,1,1,0,1,0
25581041,251,3,1,1,0,1,0
25581099,250,3,1,1,0,1,0
25581121,250,3,0,1,0,1,0
25581135,250,3,0,0,0,1,0
25581151,250,3,0,1,0,1,0
25581190,250,3,1,1,0,1,0
25581224,0,3,1,1,0,1,0
25581246,0,3,0,1,0,1,0
25581259,0,3,0,0,0,1,0
25581276,0,3,0,1,0,1,0
25581314,0,3,1,1,0,1,0
25581349,33,3,1,1,0,1,0
25581371,33,3,0,1,0,1,0
25581384,33,3,0,0,0,1,0
25581401,33,3,0,1,0,1,0
25581439,33,3,1,1,0,1,0
25581440,11,3,1,1,0,1,0
25581474,10,3,1,1,0,1,0
25581496,10,3,0,1,0,1,0
25581509,10,3,0,0,0,1,0
25581526,10,3,0,1,0,1,0
25581564,10,3,1,1,0,1,0
25581599,2,3,1,1,0,1,0
25581620,2,3,0,1,0,1,0
25581634,2,3,0,0,0,1,0
25581651,2,3,0,1,0,1,0
25581689,2,3,1,1,0,1,0
25581724,0,3,1,1,0,1,0
25581745,0,3,0,1,0,1,0
25581759,0,3,0,0,0,1,0
25581775,0,3,0,1,0,1,0
25581813,0,3,1,1,0,1,0
25581814,127,3,1,1,0,1,0
25581815,255,3,1,1,0,1,0
25581887,127,3,1,1,0,1,0
25581911,127,3,0,1,0,1,0
25581924,127,3,0,0,0,1,0
25581938,127,3,0,1,0,1,0
25581979,127,3,1,1,0,1,0
25582012,30,3,1,1,0,1,0
25582035,30,3,0,1,0,1,0
25582049,30,3,0,0,0,1,0
25582063,30,3,0,1,0,1,0
25582104,30,3,1,1,0,1,0
25582136,28,3,1,1,0,1,0
25582160,28,3,0,1,0,1,0
25582174,28,3,0,0,0,1,0
25582188,28,3,0,1,0,1,0
25582228,28,3,1,1,0,1,0
25582229,253,3,1,1,0,1,0
25582262,241,3,1,1,0,1,0
25582285,241,3,0,1,0,1,0
25582298,241,3,0,0,0,1,0
25582313,241,3,0,1,0,1,0
25582354,241,3,1,1,0,1,0
25582386,8,3,1,1,0,1,0
25582410,8,3,0,1,0,1,0
25582423,8,3,0,0,0,1,0
25582438,8,3,0,1,0,1,0
25582478,8,3,1,1,0,1,0
25582511,2,3,1,1,0,1,0
25582535,2,3,0,1,0,1,0
25582548,2,3,0,0,0,1,0
25582563,2,3,0,1,0,1,0
25582602,2,3,1,1,0,1,0
25582603,171,3,1,1,0,1,0
25582674,169,3,1,1,0,1,0
25582700,169,3,0,1,0,1,0
25582713,169,3,0,0,0,1,0
25582725,169,3,0,1,0,1,0
25582760,169,3,1,1,0,1,0
25582799,245,3,1,1,0,1,0
25582825,245,3,0,1,0,1,0
25582838,245,3,0,0,0,1,0
25582850,245,3,0,1,0,1,0
25582885,245,3,1,1,0,1,0
25582924,141,3,1,1,0,1,0
25582950,141,3,0,1,0,1,0
25582963,141,3,0,0,0,1,0
25582975,141,3,0,1,0,1,0
25583009,141,3,1,1,0,1,0
25583010,173,3,1,1,0,1,0
25583049,36,3,1,1,0,1,0
25583074,36,3,0,1,0,1,0
25583088,36,3,0,0,0,1,0
25583100,36,3,0,1,0,1,0
25583134,36,3,1,1,0,1,0
25583135,190,3,1,1,0,1,0
25583174,158,3,1,1,0,1,0
25583199,158,3,0,1,0,1,0
25583213,158,3,0,0,0,1,0
25583225,158,3,0,1,0,1,0
25583260,158,3,1,1,0,1,0
25583336,6,3,1,1,0,1,0
25583356,6,3,0,1,0,1,0
25583370,6,3,0,0,0,1,0
25583388,6,3,0,1,0,1,0
25583424,6,3,1,1,0,1,0
25583425,254,3,1,1,0,1,0
25583461,248,3,1,1,0,1,0
25583481,248,3,0,1,0,1,0
25583495,248,3,0,0,0,1,0
25583513,248,3,0,1,0,1,0
25583549,248,3,1,1,0,1,0
25583550,249,3,1,1,0,1,0
25583586,145,3,1,1,0,1,0
25583606,145,3,0,1,0,1,0
25583619,145,3,0,0,0,1,0
25583638,145,3,0,1,0,1,0
25583674,145,3,1,1,0,1,0
25583675,153,3,1,1,0,1,0
25583711,141,3,1,1,0,1,0
25583731,141,3,0,1,0,1,0
25583744,141,3,0,0,0,1,0
25583763,141,3,0,1,0,1,0
25583799,141,3,1,1,0,1,0
25583800,4,3,1,1,0,1,0
25583836,36,3,1,1,0,1,0
25583864,36,3,0,1,0,1,0
25583877,36,3,0,0,0,1,0
25583900,36,3,0,1,0,1,0
25583940,36,3,1,1,0,1,0
25583941,190,3,1,1,0,1,0
25583961,158,3,1,1,0,1,0
25583989,158,3,0,1,0,1,0
25584002,158,3,0,0,0,1,0
25584025,158,3,0,1,0,1,0
25584065,158,3,1,1,0,1,0
25584124,8,3,1,1,0,1,0
25584146,8,3,0,1,0,1,0
25584159,8,3,0,0,0,1,0
25584175,8,3,0,1,0,1,0
25584214,8,3,1,1,0,1,0
25584249,62,3,1,1,0,1,0
25584271,62,3,0,1,0,1,0
25584284,62,3,0,0,0,1,0
25584300,62,3,0,1,0,1,0
25584339,62,3,1,1,0,1,0
25584374,32,3,1,1,0,1,0
25584395,32,3,0,1,0,1,0
25584409,32,3,0,0,0,1,0
25584425,32,3,0,1,0,1,0
25584464,32,3,1,1,0,1,0
25584498,0,3,1,1,0,1,0
25584520,0,3,0,1,0,1,0
25584534,0,3,0,0,0,1,0
25584550,0,3,0,1,0,1,0
25584588,0,3,1,1,0,1,0
25584624,98,3,1,1,0,1,0
25584645,98,3,0,1,0,1,0
25584658,98,3,0,0,0,1,0
25584675,98,3,0,1,0,1,0
25584713,98,3,1,1,0,1,0
25584749,111,3,1,1,0,1,0
25584770,111,3,0,1,0,1,0
25584783,111,3,0,0,0,1,0
25584800,111,3,0,1,0,1,0
25584911,111,3,1,1,0,1,0
25584935,111,3,0,1,0,1,0
25584949,111,3,0,0,0,1,0
25584962,111,3,0,1,0,1,0
25585004,111,3,1,1,0,1,0
25585036,116,3,1,1,0,1,0
25585060,116,3,0,1,0,1,0
25585073,116,3,0,0,0,1,0
25585087,116,3,0,1,0,1,0
25585128,116,3,1,1,0,1,0
25585129,118,3,1,1,0,1,0
25585161,10,3,1,1,0,1,0
25585185,10,3,0,1,0,1,0
25585198,10,3,0,0,0,1,0
25585212,10,3,0,1,0,1,0
25585253,10,3,1,1,0,1,0
25585286,63,3,1,1,0,1,0
25585310,63,3,0,1,0,1,0
25585323,63,3,0,0,0,1,0
25585337,63,3,0,1,0,1,0
25585378,63,3,1,1,0,1,0
25585411,10,3,1,1,0,1,0
25585434,10,3,0,1,0,1,0
25585448,10,3,0,0,0,1,0
25585462,10,3,0,1,0,1,0
25585503,10,3,1,1,0,1,0
25585573,0,3,1,1,0,1,0
25585600,0,3,0,1,0,1,0
25585613,0,3,0,0,0,1,0
25585625,0,3,0,1,0,1,0
25585660,0,3,1,1,0,1,0
25585698,68,3,1,1,0,1,0
25585725,68,3,0,1,0,1,0
25585738,68,3,0,0,0,1,0
25585750,68,3,0,1,0,1,0
25585784,68,3,1,1,0,1,0
25585785,77,3,1,1,0,1,0
25585823,73,3,1,1,0,1,0
25585849,73,3,0,1,0,1,0
25585863,73,3,0,0,0,1,0
25585875,73,3,0,1,0,1,0
25585909,73,3,1,1,0,1,0
25585910,91,3,1,1,0,1,0
25585948,83,3,1,1,0,1,0
25585974,83,3,0,1,0,1,0
25585988,83,3,0,0,0,1,0
25586000,83,3,0,1,0,1,0
25586034,83,3,1,1,0,1,0
25586035,91,3,1,1,0,1,0
25586073,75,3,1,1,0,1,0
25586099,75,3,0,1,0,1,0
25586112,75,3,0,0,0,1,0
25586125,75,3,0,1,0,1,0
25586159,75,3,1,1,0,1,0
25586160,105,3,1,1,0,1,0
25586198,32,3,1,1,0,1,0
25586224,32,3,0,1,0,1,0
25586237,32,3,0,0,0,1,0
25586250,32,3,0,1,0,1,0
25586283,32,3,1,1,0,1,0
25586284,36,3,1,1,0,1,0
25586361,69,3,1,1,0,1,0
25586381,69,3,0,1,0,1,0
25586395,69,3,0,0,0,1,0
25586412,69,3,0,1,0,1,0
25586449,69,3,1,1,0,1,0
25586450,71,3,1,1,0,1,0
25586486,82,3,1,1,0,1,0
25586506,82,3,0,1,0,1,0
25586519,82,3,0,0,0,1,0
25586537,82,3,0,1,0,1,0
25586611,82,3,1,1,0,1,0
25586631,82,3,0,1,0,1,0
25586644,82,3,0,0,0,1,0
25586662,82,3,0,1,0,1,0
25586699,82,3,1,1,0,1,0
25586736,79,3,1,1,0,1,0
25586755,79,3,0,1,0,1,0
25586769,79,3,0,0,0,1,0
25586787,79,3,0,1,0,1,0
25586823,79,3,1,1,0,1,0
25586824,95,3,1,1,0,1,0
25586861,82,3,1,1,0,1,0
25586880,82,3,0,1,0,1,0
25586894,82,3,0,0,0,1,0
25586912,82,3,0,1,0,1,0
25586948,82,3,1,1,0,1,0
25586949,26,3,1,1,0,1,0
25586985,10,3,1,1,0,1,0
25587005,10,3,0,1,0,1,0
25587018,10,3,0,0,0,1,0
25587037,10,3,0,1,0,1,0
25587074,10,3,1,1,0,1,0
25587148,0,3,1,1,0,1,0
25587170,0,3,0,1,0,1,0
25587184,0,3,0,0,0,1,0
25587199,0,3,0,1,0,1,0
25587273,0,3,1,1,0,1,0
25587295,0,3,0,1,0,1,0
25587309,0,3,0,0,0,1,0
25587324,0,3,0,1,0,1,0
25587398,0,3,1,1,0,1,0
25587420,0,3,0,1,0,1,0
25587433,0,3,0,0,0,1,0
25587449,0,3,0,1,0,1,0
25587523,0,3,1,1,0,1,0
25587545,0,3,0,1,0,1,0
25587558,0,3,0,0,0,1,0
25587574,0,3,0,1,0,1,0
25587648,0,3,1,1,0,1,0
25587670,0,3,0,1,0,1,0
25587683,0,3,0,0,0,1,0
25587699,0,3,0,1,0,1,0
25587773,0,3,1,1,0,1,0
25587794,0,3,0,1,0,1,0
25587808,0,3,0,0,0,1,0
25587824,0,3,0,1,0,1,0
25587935,0,3,1,1,0,1,0
25587960,0,3,0,1,0,1,0
25587973,0,3,0,0,0,1,0
25587987,0,3,0,1,0,1,0
25588060,0,3,1,1,0,1,0
25588085,0,3,0,1,0,1,0
25588098,0,3,0,0,0,1,0
25588112,0,3,0,1,0,1,0
25588185,0,3,1,1,0,1,0
25588209,0,3,0,1,0,1,0
25588223,0,3,0,0,0,1,0
25588237,0,3,0,1,0,1,0
25588310,0,3,1,1,0,1,0
25588334,0,3,0,1,0,1,0
25588348,0,3,0,0,0,1,0
25588362,0,3,0,1,0,1,0
25588435,0,3,1,1,0,1,0
25588459,0,3,0,1,0,1,0
25588472,0,3,0,0,0,1,0
25588487,0,3,0,1,0,1,0
25588598,0,3,1,1,0,1,0
25588624,0,3,0,1,0,1,0
25588638,0,3,0,0,0,1,0
25588649,0,3,0,1,0,1,0
25588723,0,3,1,1,0,1,0
25588749,0,3,0,1,0,1,0
25588763,0,3,0,0,0,1,0
25588774,0,3,0,1,0,1,0
25588848,0,3,1,1,0,1,0
25588874,0,3,0,1,0,1,0
25588887,0,3,0,0,0,1,0
25588899,0,3,0,1,0,1,0
25588973,0,3,1,1,0,1,0
25588999,0,3,0,1,0,1,0
25589012,0,3,0,0,0,1,0
25589024,0,3,0,1,0,1,0
25589098,0,3,1,1,0,1,0
25589124,0,3,0,1,0,1,0
25589137,0,3,0,0,0,1,0
25589149,0,3,0,1,0,1,0
25589223,0,3,1,1,0,1,0
25589248,0,3,0,1,0,1,0
25589262,0,3,0,0,0,1,0
25589274,0,3,0,1,0,1,0
25589385,0,3,1,1,0,1,0
25589406,0,3,0,1,0,1,0
25589419,0,3,0,0,0,1,0
25589436,0,3,0,1,0,1,0
25589510,0,3,1,1,0,1,0
25589530,0,3,0,1,0,1,0
25589544,0,3,0,0,0,1,0
25589561,0,3,0,1,0,1,0
25589635,0,3,1,1,0,1,0
25589655,0,3,0,1,0,1,0
25589669,0,3,0,0,0,1,0
25589686,0,3,0,1,0,1,0
25589760,0,3,1,1,0,1,0
25589780,0,3,0,1,0,1,0
25589793,0,3,0,0,0,1,0
25589811,0,3,0,1,0,1,0
25589885,0,3,1,1,0,1,0
25589905,0,3,0,1,0,1,0
25589918,0,3,0,0,0,1,0
25589936,0,3,0,1,0,1,0
25590010,0,3,1,1,0,1,0
25590030,0,3,0,1,0,1,0
25590043,0,3,0,0,0,1,0
25590061,0,3,0,1,0,1,0
25590172,0,3,1,1,0,1,0
25590195,0,3,0,1,0,1,0
25590209,0,3,0,0,0,1,0
25590224,0,3,0,1,0,1,0
25590297,0,3,1,1,0,1,0
25590320,0,3,0,1,0,1,0
25590333,0,3,0,0,0,1,0
25590349,0,3,0,1,0,1,0
25590422,0,3,1,1,0,1,0
25590445,0,3,0,1,0,1,0
25590458,0,3,0,0,0,1,0
25590474,0,3,0,1,0,1,0
25590547,0,3,1,1,0,1,0
25590569,0,3,0,1,0,1,0
25590583,0,3,0,0,0,1,0
25590599,0,3,0,1,0,1,0
25590672,0,3,1,1,0,1,0
25590694,0,3,0,1,0,1,0
25590708,0,3,0,0,0,1,0
25590724,0,3,0,1,0,1,0
25590835,0,3,1,1,0,1,0
25590860,0,3,0,1,0,1,0
25590873,0,3,0,0,0,1,0
25590886,0,3,0,1,0,1,0
25590960,0,3,1,1,0,1,0
25590984,0,3,0,1,0,1,0
25590998,0,3,0,0,0,1,0
25591011,0,3,0,1,0,1,0
25591085,0,3,1,1,0,1,0
25591109,0,3,0,1,0,1,0
25591123,0,3,0,0,0,1,0
25591136,0,3,0,1,0,1,0
25591210,0,3,1,1,0,1,0
25591234,0,3,0,1,0,1,0
25591247,0,3,0,0,0,1,0
25591261,0,3,0,1,0,1,0
25591335,0,3,1,1,0,1,0
25591359,0,3,0,1,0,1,0
25591372,0,3,0,0,0,1,0
25591386,0,3,0,1,0,1,0
25591460,0,3,1,1,0,1,0
25591484,0,3,0,1,0,1,0
25591497,0,3,0,0,0,1,0
25591511,0,3,0,1,0,1,0
25591622,0,3,1,1,0,1,0
25591649,0,3,0,1,0,1,0
25591663,0,3,0,0,0,1,0
25591674,0,3,0,1,0,1,0
25591747,0,3,1,1,0,1,0
25591774,0,3,0,1,0,1,0
25591787,0,3,0,0,0,1,0
25591799,0,3,0,1,0,1,0
25591872,0,3,1,1,0,1,0
25591899,0,3,0,1,0,1,0
25591912,0,3,0,0,0,1,0
25591924,0,3,0,1,0,1,0
25591997,0,3,1,1,0,1,0
25592023,0,3,0,1,0,1,0
25592037,0,3,0,0,0,1,0
25592048,0,3,0,1,0,1,0
25592122,0,3,1,1,0,1,0
25592148,0,3,0,1,0,1,0
25592162,0,3,0,0,0,1,0
25592173,0,3,0,1,0,1,0
25592247,0,3,1,1,0,1,0
25592273,0,3,0,1,0,1,0
25592286,0,3,0,0,0,1,0
25592298,0,3,0,1,0,1,0
25592409,0,3,1,1,0,1,0
25592430,0,3,0,1,0,1,0
25592444,0,3,0,0,0,1,0
25592461,0,3,0,1,0,1,0
25592534,0,3,1,1,0,1,0
25592555,0,3,0,1,0,1,0
25592569,0,3,0,0,0,1,0
25592586,0,3,0,1,0,1,0
25592659,0,3,1,1,0,1,0
25592680,0,3,0,1,0,1,0
25592693,0,3,0,0,0,1,0
25592711,0,3,0,1,0,1,0
25592784,0,3,1,1,0,1,0
25592805,0,3,0,1,0,1,0
25592818,0,3,0,0,0,1,0
25592836,0,3,0,1,0,1,0
25592909,0,3,1,1,0,1,0
25592929,0,3,0,1,0,1,0
25592943,0,3,0,0,0,1,0
25592961,0,3,0,1,0,1,0
25593072,0,3,1,1,0,1,0
25593095,0,3,0,1,0,1,0
25593108,0,3,0,0,0,1,0
25593123,0,3,0,1,0,1,0
25593197,0,3,1,1,0,1,0
25593220,0,3,0,1,0,1,0
25593233,0,3,0,0,0,1,0
25593248,0,3,0,1,0,1,0
25593322,0,3,1,1,0,1,0
25593345,0,3,0,1,0,1,0
25593358,0,3,0,0,0,1,0
25593373,0,3,0,1,0,1,0
25593447,0,3,1,1,0,1,0
25593469,0,3,0,1,0,1,0
25593483,0,3,0,0,0,1,0
25593498,0,3,0,1,0,1,0
25593572,0,3,1,1,0,1,0
25593594,0,3,0,1,0,1,0
25593608,0,3,0,0,0,1,0
25593623,0,3,0,1,0,1,0
25593697,0,3,1,1,0,1,0
25593716,0,3,0,1,0,1,0
25593730,0,3,0,0,0,1,0
25593748,0,3,0,1,0,1,0
25593770,0,3,1,1,0,1,0
25593779,0,3,1,1,1,1,0
25618909,0,0,1,1,1,1,0
58144838,0,1,1,1,1,1,0
58144839,0,1,1,1,1,1,0
58144840,0,1,1,1,1,1,0
58144841,0,1,1,1,1,1,0
58144842,0,1,1,1,1,1,0
58144843,0,1,1,1,1,1,0
