Time[8ns],Data[7:0],Status[2:0],/RDY,/ASTB,/TR,/RST,/TE
0,0,1,1,1,1,1,0
1,0,1,1,1,1,1,0
2,0,1,1,1,1,1,0
3,0,1,1,1,1,1,0
4,0,1,1,1,1,1,0
5,0,1,1,1,1,1,0
6,0,1,1,1,1,1,0
218496676,0,1,1,1,1,1,0
218500917,0,1,1,1,1,1,1
218500918,1,1,1,1,1,1,1
218501003,33,1,1,1,1,1,1
218501037,33,1,0,1,1,1,1
218501071,33,1,0,0,1,1,1
218501098,33,1,0,1,1,1,1
218501269,33,1,1,1,1,1,1
218501270,32,1,1,1,1,1,1
218501347,0,1,1,1,1,1,1
218501381,0,1,0,1,1,1,1
218501415,0,1,0,0,1,1,1
218501442,0,1,0,1,1,1,1
218501690,0,1,1,1,1,1,1
218501724,0,1,0,1,1,1,1
218501758,0,1,0,0,1,1,1
218501786,0,1,0,1,1,1,1
218502128,0,1,1,1,1,1,1
218502162,0,1,0,1,1,1,1
218502196,0,1,0,0,1,1,1
218502223,0,1,0,1,1,1,1
218502471,0,1,1,1,1,1,1
218502505,0,1,0,1,1,1,1
218502539,0,1,0,0,1,1,1
218502567,0,1,0,1,1,1,1
218502815,0,1,1,1,1,1,1
218502849,0,1,0,1,1,1,1
218502883,0,1,0,0,1,1,1
218502910,0,1,0,1,1,1,1
218503284,0,1,1,1,1,1,1
218503317,0,1,0,1,1,1,1
218503352,0,1,0,0,1,1,1
218503379,0,1,0,1,1,1,1
218503635,0,1,1,1,1,1,1
218503721,2,1,1,1,1,1,1
218503755,2,1,0,1,1,1,1
218503789,2,1,0,0,1,1,1
218503816,2,1,0,1,1,1,1
218503987,2,1,1,1,1,1,1
218504065,0,1,1,1,1,1,1
218504099,0,1,0,1,1,1,1
218504133,0,1,0,0,1,1,1
218504160,0,1,0,1,1,1,1
218507029,0,1,1,1,1,1,1
218507030,0,0,1,1,0,1,1
219847711,0,0,1,1,1,1,1
219847712,0,3,1,1,1,1,1
219854387,0,3,1,1,0,1,1
219854391,0,3,1,1,0,1,0
219854816,62,3,1,1,0,1,0
219854884,62,3,0,1,0,1,0
219854885,34,3,0,0,0,1,0
219854886,34,3,0,1,0,1,0
219854889,32,3,0,1,0,1,0
219854894,33,3,0,1,0,1,0
219854928,33,3,0,0,0,1,0
219854974,33,3,0,1,0,1,0
219856410,33,3,1,1,0,1,0
219856446,33,3,0,1,0,1,0
219856447,0,3,0,1,0,1,0
219856450,2,3,0,0,0,1,0
219856456,2,3,0,1,0,1,0
219856490,2,3,0,0,0,1,0
219856536,2,3,0,1,0,1,0
219856722,2,3,1,1,0,1,0
219856758,2,3,0,1,0,1,0
219856759,0,3,0,1,0,1,0
219856761,80,3,0,1,0,1,0
219856768,88,3,0,1,0,1,0
219856802,88,3,0,0,0,1,0
219856848,88,3,0,1,0,1,0
219857034,88,3,1,1,0,1,0
219857071,88,3,0,1,0,1,0
219857072,0,3,0,0,0,1,0
219857073,0,3,0,1,0,1,0
219857074,0,3,0,0,0,1,0
219857081,0,3,0,1,0,1,0
219857115,0,3,0,0,0,1,0
219857161,0,3,0,1,0,1,0
219857441,0,3,1,1,0,1,0
219857478,0,3,0,1,0,1,0
219857487,125,3,0,1,0,1,0
219857521,125,3,0,0,0,1,0
219857567,125,3,0,1,0,1,0
219857753,125,3,1,1,0,1,0
219857789,125,3,0,1,0,1,0
219857790,40,3,0,1,0,1,0
219857792,42,3,0,0,0,1,0
219857799,42,3,0,1,0,1,0
219857833,42,3,0,0,0,1,0
219857879,42,3,0,1,0,1,0
219858065,42,3,1,1,0,1,0
219858102,42,3,0,1,0,1,0
219858104,194,3,0,0,0,1,0
219858112,194,3,0,1,0,1,0
219858146,194,3,0,0,0,1,0
219858192,194,3,0,1,0,1,0
219858378,194,3,1,1,0,1,0
219858414,194,3,0,1,0,1,0
219858415,192,3,0,1,0,1,0
219858424,248,3,0,1,0,1,0
219858458,248,3,0,0,0,1,0
219858504,248,3,0,1,0,1,0
219858690,248,3,1,1,0,1,0
219858727,248,3,0,1,0,1,0
219858728,48,3,0,0,0,1,0
219858736,52,3,0,1,0,1,0
219858771,52,3,0,0,0,1,0
219858817,52,3,0,1,0,1,0
219859003,52,3,1,1,0,1,0
219859039,52,3,0,1,0,1,0
219859042,1,3,0,0,0,1,0
219859049,1,3,0,1,0,1,0
219859083,1,3,0,0,0,1,0
219859129,1,3,0,1,0,1,0
219859409,1,3,1,1,0,1,0
219859445,1,3,0,1,0,1,0
219859455,0,3,0,1,0,1,0
219859489,0,3,0,0,0,1,0
219859535,0,3,0,1,0,1,0
219859721,0,3,1,1,0,1,0
219859758,0,3,0,1,0,1,0
219859767,12,3,0,1,0,1,0
219859802,12,3,0,0,0,1,0
219859848,12,3,0,1,0,1,0
219860034,12,3,1,1,0,1,0
219860070,12,3,0,1,0,1,0
219860071,0,3,0,0,0,1,0
219860080,161,3,0,1,0,1,0
219860114,161,3,0,0,0,1,0
219860160,161,3,0,1,0,1,0
219860346,161,3,1,1,0,1,0
219860382,161,3,0,1,0,1,0
219860383,33,3,0,1,0,1,0
219860392,47,3,0,1,0,1,0
219860426,47,3,0,0,0,1,0
219860473,47,3,0,1,0,1,0
219860659,47,3,1,1,0,1,0
219860695,47,3,0,1,0,1,0
219860696,33,3,0,0,0,1,0
219860698,33,3,0,1,0,1,0
219860699,33,3,0,0,0,1,0
219860705,33,3,0,1,0,1,0
219860739,33,3,0,0,0,1,0
219860785,33,3,0,1,0,1,0
219861065,33,3,1,1,0,1,0
219861101,33,3,0,1,0,1,0
219861102,12,3,0,1,0,1,0
219861111,14,3,0,1,0,1,0
219861145,14,3,0,0,0,1,0
219861191,14,3,0,1,0,1,0
219861377,14,3,1,1,0,1,0
219861413,14,3,0,1,0,1,0
219861416,2,3,0,0,0,1,0
219861417,2,3,0,1,0,1,0
219861418,2,3,0,0,0,1,0
219861423,2,3,0,1,0,1,0
219861457,2,3,0,0,0,1,0
219861504,2,3,0,1,0,1,0
219861690,2,3,1,1,0,1,0
219861726,2,3,0,1,0,1,0
219861736,0,3,0,1,0,1,0
219861770,0,3,0,0,0,1,0
219861816,0,3,0,1,0,1,0
219862002,0,3,1,1,0,1,0
219862039,0,3,0,1,0,1,0
219862048,186,3,0,1,0,1,0
219862082,186,3,0,0,0,1,0
219862129,186,3,0,1,0,1,0
219862315,186,3,1,1,0,1,0
219862351,186,3,0,1,0,1,0
219862354,17,3,0,0,0,1,0
219862360,17,3,0,1,0,1,0
219862395,17,3,0,0,0,1,0
219862441,17,3,0,1,0,1,0
219862627,17,3,1,1,0,1,0
219862663,17,3,0,1,0,1,0
219862664,12,3,0,1,0,1,0
219862673,14,3,0,1,0,1,0
219862707,14,3,0,0,0,1,0
219862753,14,3,0,1,0,1,0
219863033,14,3,1,1,0,1,0
219863069,14,3,0,1,0,1,0
219863070,0,3,0,0,0,1,0
219863079,32,3,0,1,0,1,0
219863113,32,3,0,0,0,1,0
219863160,32,3,0,1,0,1,0
219863346,32,3,1,1,0,1,0
219863381,32,3,0,1,0,1,0
219863382,0,3,0,1,0,1,0
219863391,30,3,0,1,0,1,0
219863426,30,3,0,0,0,1,0
219863472,30,3,0,1,0,1,0
219863658,30,3,1,1,0,1,0
219863694,30,3,0,1,0,1,0
219863695,184,3,0,0,0,1,0
219863704,248,3,0,1,0,1,0
219863738,248,3,0,0,0,1,0
219863784,248,3,0,1,0,1,0
219863970,248,3,1,1,0,1,0
219864006,248,3,0,1,0,1,0
219864007,144,3,0,1,0,1,0
219864009,145,3,0,0,0,1,0
219864016,145,3,0,1,0,1,0
219864051,145,3,0,0,0,1,0
219864097,145,3,0,1,0,1,0
219864283,145,3,1,1,0,1,0
219864319,145,3,0,1,0,1,0
219864329,246,3,0,1,0,1,0
219864363,246,3,0,0,0,1,0
219864409,246,3,0,1,0,1,0
219864595,246,3,1,1,0,1,0
219864631,246,3,0,1,0,1,0
219864632,144,3,0,0,0,1,0
219864635,145,3,0,0,0,1,0
219864641,145,3,0,1,0,1,0
219864675,145,3,0,0,0,1,0
219864722,145,3,0,1,0,1,0
219865001,145,3,1,1,0,1,0
219865037,145,3,0,1,0,1,0
219865038,144,3,0,1,0,1,0
219865047,244,3,0,1,0,1,0
219865081,244,3,0,0,0,1,0
219865128,244,3,0,1,0,1,0
219865314,244,3,1,1,0,1,0
219865350,244,3,0,1,0,1,0
219865351,133,3,0,0,0,1,0
219865360,141,3,0,1,0,1,0
219865394,141,3,0,0,0,1,0
219865440,141,3,0,1,0,1,0
219865626,141,3,1,1,0,1,0
219865662,141,3,0,1,0,1,0
219865663,4,3,0,1,0,1,0
219865664,68,3,0,0,0,1,0
219865672,68,3,0,1,0,1,0
219865706,68,3,0,0,0,1,0
219865753,68,3,0,1,0,1,0
219865939,68,3,1,1,0,1,0
219865975,68,3,0,1,0,1,0
219865984,238,3,0,1,0,1,0
219866019,238,3,0,0,0,1,0
219866065,238,3,0,1,0,1,0
219866251,238,3,1,1,0,1,0
219866287,238,3,0,1,0,1,0
219866291,2,3,0,0,0,1,0
219866297,2,3,0,1,0,1,0
219866331,2,3,0,0,0,1,0
219866378,2,3,0,1,0,1,0
219866657,2,3,1,1,0,1,0
219866693,2,3,0,1,0,1,0
219866694,0,3,0,1,0,1,0
219866703,52,3,0,1,0,1,0
219866737,52,3,0,0,0,1,0
219866784,52,3,0,1,0,1,0
219866970,52,3,1,1,0,1,0
219867005,52,3,0,1,0,1,0
219867006,4,3,0,1,0,1,0
219867007,14,3,0,0,0,1,0
219867015,14,3,0,1,0,1,0
219867050,14,3,0,0,0,1,0
219867096,14,3,0,1,0,1,0
219867282,14,3,1,1,0,1,0
219867318,14,3,0,1,0,1,0
219867319,1,3,0,0,0,1,0
219867328,1,3,0,1,0,1,0
219867362,1,3,0,0,0,1,0
219867409,1,3,0,1,0,1,0
219867595,1,3,1,1,0,1,0
219867631,1,3,0,1,0,1,0
219867640,151,3,0,1,0,1,0
219867675,151,3,0,0,0,1,0
219867721,151,3,0,1,0,1,0
219867907,151,3,1,1,0,1,0
219867943,151,3,0,1,0,1,0
219867953,52,3,0,1,0,1,0
219867987,52,3,0,0,0,1,0
219868034,52,3,0,1,0,1,0
219868220,52,3,1,1,0,1,0
219868255,52,3,0,1,0,1,0
219868258,0,3,0,0,0,1,0
219868259,0,3,0,1,0,1,0
219868265,8,3,0,1,0,1,0
219868299,8,3,0,0,0,1,0
219868346,8,3,0,1,0,1,0
219868626,8,3,1,1,0,1,0
219868661,8,3,0,1,0,1,0
219868662,0,3,0,1,0,1,0
219868671,1,3,0,1,0,1,0
219868705,1,3,0,0,0,1,0
219868752,1,3,0,1,0,1,0
219868938,1,3,1,1,0,1,0
219868974,1,3,0,1,0,1,0
219868984,144,3,0,1,0,1,0
219869018,144,3,0,0,0,1,0
219869065,144,3,0,1,0,1,0
219869251,144,3,1,1,0,1,0
219869287,144,3,0,1,0,1,0
219869296,223,3,0,1,0,1,0
219869330,223,3,0,0,0,1,0
219869377,223,3,0,1,0,1,0
219869563,223,3,1,1,0,1,0
219869599,223,3,0,1,0,1,0
219869600,76,3,0,0,0,1,0
219869608,108,3,0,1,0,1,0
219869643,108,3,0,0,0,1,0
219869689,108,3,0,1,0,1,0
219869875,108,3,1,1,0,1,0
219869911,108,3,0,1,0,1,0
219869912,33,3,0,0,0,1,0
219869921,33,3,0,1,0,1,0
219869955,33,3,0,0,0,1,0
219870002,33,3,0,1,0,1,0
219870188,33,3,1,1,0,1,0
219870223,33,3,0,1,0,1,0
219870224,0,3,0,1,0,1,0
219870225,10,3,0,1,0,1,0
219870226,10,3,0,0,0,1,0
219870233,10,3,0,1,0,1,0
219870267,10,3,0,0,0,1,0
219870314,10,3,0,1,0,1,0
219870594,10,3,1,1,0,1,0
219870630,10,3,0,1,0,1,0
219870639,254,3,0,1,0,1,0
219870673,254,3,0,0,0,1,0
219870721,254,3,0,1,0,1,0
219870907,254,3,1,1,0,1,0
219870942,254,3,0,1,0,1,0
219870943,40,3,0,0,0,1,0
219870944,40,3,0,1,0,1,0
219870945,40,3,0,0,0,1,0
219870952,40,3,0,1,0,1,0
219870986,40,3,0,0,0,1,0
219871033,40,3,0,1,0,1,0
219871219,40,3,1,1,0,1,0
219871254,40,3,0,1,0,1,0
219871255,32,3,0,1,0,1,0
219871264,161,3,0,1,0,1,0
219871298,161,3,0,0,0,1,0
219871345,161,3,0,1,0,1,0
219871531,161,3,1,1,0,1,0
219871567,161,3,0,1,0,1,0
219871577,171,3,0,1,0,1,0
219871611,171,3,0,0,0,1,0
219871658,171,3,0,1,0,1,0
219871844,171,3,1,1,0,1,0
219871879,171,3,0,1,0,1,0
219871889,161,3,0,1,0,1,0
219871923,161,3,0,0,0,1,0
219871970,161,3,0,1,0,1,0
219872250,161,3,1,1,0,1,0
219872285,161,3,0,1,0,1,0
219872286,160,3,0,1,0,1,0
219872295,188,3,0,1,0,1,0
219872329,188,3,0,0,0,1,0
219872376,188,3,0,1,0,1,0
219872562,188,3,1,1,0,1,0
219872598,188,3,0,1,0,1,0
219872599,223,3,0,0,0,1,0
219872608,223,3,0,1,0,1,0
219872642,223,3,0,0,0,1,0
219872689,223,3,0,1,0,1,0
219872875,223,3,1,1,0,1,0
219872910,223,3,0,1,0,1,0
219872911,73,3,0,0,0,1,0
219872912,73,3,0,1,0,1,0
219872920,105,3,0,1,0,1,0
219872954,105,3,0,0,0,1,0
219873001,105,3,0,1,0,1,0
219873187,105,3,1,1,0,1,0
219873222,105,3,0,1,0,1,0
219873223,8,3,0,1,0,1,0
219873227,10,3,0,0,0,1,0
219873232,10,3,0,1,0,1,0
219873267,10,3,0,0,0,1,0
219873314,10,3,0,1,0,1,0
219873500,10,3,1,1,0,1,0
219873535,10,3,0,1,0,1,0
219873545,8,3,0,1,0,1,0
219873579,8,3,0,0,0,1,0
219873626,8,3,0,1,0,1,0
219873812,8,3,1,1,0,1,0
219873848,8,3,0,1,0,1,0
219873857,10,3,0,1,0,1,0
219873891,10,3,0,0,0,1,0
219873938,10,3,0,1,0,1,0
219874218,10,3,1,1,0,1,0
219874263,10,3,0,1,0,1,0
219874298,10,3,0,0,0,1,0
219874345,10,3,0,1,0,1,0
219874531,10,3,1,1,0,1,0
219874566,10,3,0,1,0,1,0
219874567,238,3,0,1,0,1,0
219874576,230,3,0,1,0,1,0
219874610,230,3,0,0,0,1,0
219874657,230,3,0,1,0,1,0
219874843,230,3,1,1,0,1,0
219874878,230,3,0,1,0,1,0
219874879,2,3,0,0,0,1,0
219874881,10,3,0,0,0,1,0
219874882,10,3,0,1,0,1,0
219874883,10,3,0,0,0,1,0
219874888,10,3,0,1,0,1,0
219874922,10,3,0,0,0,1,0
219874970,10,3,0,1,0,1,0
219875156,10,3,1,1,0,1,0
219875201,10,3,0,1,0,1,0
219875235,10,3,0,0,0,1,0
219875282,10,3,0,1,0,1,0
219875468,10,3,1,1,0,1,0
219875503,10,3,0,1,0,1,0
219875513,8,3,0,1,0,1,0
219875547,8,3,0,0,0,1,0
219875594,8,3,0,1,0,1,0
219875781,8,3,1,1,0,1,0
219875816,8,3,0,1,0,1,0
219875825,47,3,0,1,0,1,0
219875860,47,3,0,0,0,1,0
219875907,47,3,0,1,0,1,0
219876187,47,3,1,1,0,1,0
219876232,47,3,0,1,0,1,0
219876266,47,3,0,0,0,1,0
219876313,47,3,0,1,0,1,0
219876499,47,3,1,1,0,1,0
219876534,47,3,0,1,0,1,0
219876535,102,3,0,0,0,1,0
219876544,230,3,0,1,0,1,0
219876578,230,3,0,0,0,1,0
219876626,230,3,0,1,0,1,0
219876812,230,3,1,1,0,1,0
219876846,230,3,0,1,0,1,0
219876847,130,3,0,1,0,1,0
219876851,3,3,0,0,0,1,0
219876856,3,3,0,1,0,1,0
219876891,3,3,0,0,0,1,0
219876938,3,3,0,1,0,1,0
219877124,3,3,1,1,0,1,0
219877159,3,3,0,1,0,1,0
219877169,46,3,0,1,0,1,0
219877203,46,3,0,0,0,1,0
219877250,46,3,0,1,0,1,0
219877436,46,3,1,1,0,1,0
219877471,46,3,0,1,0,1,0
219877472,8,3,0,0,0,1,0
219877474,136,3,0,0,0,1,0
219877481,200,3,0,1,0,1,0
219877515,200,3,0,0,0,1,0
219877563,200,3,0,1,0,1,0
219877749,200,3,1,1,0,1,0
219877784,200,3,0,1,0,1,0
219877794,169,3,0,1,0,1,0
219877828,169,3,0,0,0,1,0
219877875,169,3,0,1,0,1,0
219878155,169,3,1,1,0,1,0
219878190,169,3,0,1,0,1,0
219878193,192,3,0,0,0,1,0
219878200,192,3,0,1,0,1,0
219878234,192,3,0,0,0,1,0
219878281,192,3,0,1,0,1,0
219878467,192,3,1,1,0,1,0
219878503,192,3,0,1,0,1,0
219878512,232,3,0,1,0,1,0
219878546,232,3,0,0,0,1,0
219878594,232,3,0,1,0,1,0
219878780,232,3,1,1,0,1,0
219878846,232,3,0,1,0,1,0
219878847,224,3,0,0,0,1,0
219878856,246,3,0,1,0,1,0
219878890,246,3,0,0,0,1,0
219878938,246,3,0,1,0,1,0
219879092,246,3,1,1,0,1,0
219879127,246,3,0,1,0,1,0
219879130,131,3,0,0,0,1,0
219879131,139,3,0,0,0,1,0
219879137,139,3,0,1,0,1,0
219879171,139,3,0,0,0,1,0
219879219,139,3,0,1,0,1,0
219879405,139,3,1,1,0,1,0
219879439,139,3,0,1,0,1,0
219879440,136,3,0,1,0,1,0
219879449,188,3,0,1,0,1,0
219879483,188,3,0,0,0,1,0
219879531,188,3,0,1,0,1,0
219879811,188,3,1,1,0,1,0
219879845,188,3,0,1,0,1,0
219879846,180,3,0,1,0,1,0
219879847,230,3,0,0,0,1,0
219879855,230,3,0,1,0,1,0
219879890,230,3,0,0,0,1,0
219879937,230,3,0,1,0,1,0
219880123,230,3,1,1,0,1,0
219880158,230,3,0,1,0,1,0
219880159,228,3,0,1,0,1,0
219880168,244,3,0,1,0,1,0
219880202,244,3,0,0,0,1,0
219880250,244,3,0,1,0,1,0
219880436,244,3,1,1,0,1,0
219880470,244,3,0,1,0,1,0
219880471,212,3,0,1,0,1,0
219880480,223,3,0,1,0,1,0
219880515,223,3,0,0,0,1,0
219880562,223,3,0,1,0,1,0
219880748,223,3,1,1,0,1,0
219880783,223,3,0,1,0,1,0
219880784,131,3,0,0,0,1,0
219880785,131,3,0,1,0,1,0
219880786,131,3,0,0,0,1,0
219880793,131,3,0,1,0,1,0
219880827,131,3,0,0,0,1,0
219880875,131,3,0,1,0,1,0
219881061,131,3,1,1,0,1,0
219881095,131,3,0,1,0,1,0
219881096,128,3,0,1,0,1,0
219881105,232,3,0,1,0,1,0
219881139,232,3,0,0,0,1,0
219881187,232,3,0,1,0,1,0
219881373,232,3,1,1,0,1,0
219881408,232,3,0,1,0,1,0
219881409,241,3,0,0,0,1,0
219881418,241,3,0,1,0,1,0
219881452,241,3,0,0,0,1,0
219881499,241,3,0,1,0,1,0
219881779,241,3,1,1,0,1,0
219881814,241,3,0,1,0,1,0
219881824,223,3,0,1,0,1,0
219881858,223,3,0,0,0,1,0
219881906,223,3,0,1,0,1,0
219882092,223,3,1,1,0,1,0
219882126,223,3,0,1,0,1,0
219882136,133,3,0,1,0,1,0
219882171,133,3,0,0,0,1,0
219882218,133,3,0,1,0,1,0
219882404,133,3,1,1,0,1,0
219882439,133,3,0,1,0,1,0
219882448,12,3,0,1,0,1,0
219882483,12,3,0,0,0,1,0
219882531,12,3,0,1,0,1,0
219882717,12,3,1,1,0,1,0
219882751,12,3,0,1,0,1,0
219882752,8,3,0,0,0,1,0
219882761,184,3,0,1,0,1,0
219882795,184,3,0,0,0,1,0
219882843,184,3,0,1,0,1,0
219883029,184,3,1,1,0,1,0
219883064,184,3,0,1,0,1,0
219883073,189,3,0,1,0,1,0
219883107,189,3,0,0,0,1,0
219883155,189,3,0,1,0,1,0
219883341,189,3,1,1,0,1,0
219883376,189,3,0,1,0,1,0
219883377,178,3,0,0,0,1,0
219883386,178,3,0,1,0,1,0
219883420,178,3,0,0,0,1,0
219883468,178,3,0,1,0,1,0
219883748,178,3,1,1,0,1,0
219883782,178,3,0,1,0,1,0
219883783,150,3,0,1,0,1,0
219883792,223,3,0,1,0,1,0
219883826,223,3,0,0,0,1,0
219883874,223,3,0,1,0,1,0
219884060,223,3,1,1,0,1,0
219884094,223,3,0,1,0,1,0
219884095,193,3,0,1,0,1,0
219884097,193,3,0,0,0,1,0
219884098,193,3,0,1,0,1,0
219884099,193,3,0,0,0,1,0
219884104,193,3,0,1,0,1,0
219884139,193,3,0,0,0,1,0
219884186,193,3,0,1,0,1,0
219884372,193,3,1,1,0,1,0
219884407,193,3,0,1,0,1,0
219884408,236,3,0,1,0,1,0
219884417,238,3,0,1,0,1,0
219884451,238,3,0,0,0,1,0
219884499,238,3,0,1,0,1,0
219884685,238,3,1,1,0,1,0
219884719,238,3,0,1,0,1,0
219884720,42,3,0,0,0,1,0
219884721,59,3,0,0,0,1,0
219884729,59,3,0,1,0,1,0
219884763,59,3,0,0,0,1,0
219884811,59,3,0,1,0,1,0
219884997,59,3,1,1,0,1,0
219885032,59,3,0,1,0,1,0
219885034,12,3,0,1,0,1,0
219885036,12,3,0,0,0,1,0
219885042,12,3,0,1,0,1,0
219885076,12,3,0,0,0,1,0
219885124,12,3,0,1,0,1,0
219885404,12,3,1,1,0,1,0
219885438,12,3,0,1,0,1,0
219885439,164,3,0,0,0,1,0
219885448,164,3,0,1,0,1,0
219885482,164,3,0,0,0,1,0
219885530,164,3,0,1,0,1,0
219885716,164,3,1,1,0,1,0
219885751,164,3,0,1,0,1,0
219885760,230,3,0,1,0,1,0
219885794,230,3,0,0,0,1,0
219885842,230,3,0,1,0,1,0
219886028,230,3,1,1,0,1,0
219886063,230,3,0,1,0,1,0
219886064,3,3,0,0,0,1,0
219886066,19,3,0,0,0,1,0
219886072,19,3,0,1,0,1,0
219886107,19,3,0,0,0,1,0
219886155,19,3,0,1,0,1,0
219886341,19,3,1,1,0,1,0
219886375,19,3,0,1,0,1,0
219886376,1,3,0,1,0,1,0
219886385,141,3,0,1,0,1,0
219886419,141,3,0,0,0,1,0
219886467,141,3,0,1,0,1,0
219886653,141,3,1,1,0,1,0
219886687,141,3,0,1,0,1,0
219886688,132,3,0,1,0,1,0
219886689,212,3,0,0,0,1,0
219886697,212,3,0,1,0,1,0
219886732,212,3,0,0,0,1,0
219886780,212,3,0,1,0,1,0
219886966,212,3,1,1,0,1,0
219887000,212,3,0,1,0,1,0
219887010,230,3,0,1,0,1,0
219887044,230,3,0,0,0,1,0
219887092,230,3,0,1,0,1,0
219887372,230,3,1,1,0,1,0
219887406,230,3,0,1,0,1,0
219887407,34,3,0,0,0,1,0
219887416,50,3,0,1,0,1,0
219887450,50,3,0,0,0,1,0
219887498,50,3,0,1,0,1,0
219887684,50,3,1,1,0,1,0
219887718,50,3,0,1,0,1,0
219887719,18,3,0,1,0,1,0
219887728,223,3,0,1,0,1,0
219887762,223,3,0,0,0,1,0
219887811,223,3,0,1,0,1,0
219887997,223,3,1,1,0,1,0
219888031,223,3,0,1,0,1,0
219888032,150,3,0,0,0,1,0
219888041,150,3,0,1,0,1,0
219888075,150,3,0,0,0,1,0
219888123,150,3,0,1,0,1,0
219888309,150,3,1,1,0,1,0
219888343,150,3,0,1,0,1,0
219888344,134,3,0,1,0,1,0
219888353,238,3,0,1,0,1,0
219888387,238,3,0,0,0,1,0
219888436,238,3,0,1,0,1,0
219888622,238,3,1,1,0,1,0
219888656,238,3,0,1,0,1,0
219888657,37,3,0,0,0,1,0
219888666,53,3,0,1,0,1,0
219888700,53,3,0,0,0,1,0
219888748,53,3,0,1,0,1,0
219888934,53,3,1,1,0,1,0
219888968,53,3,0,1,0,1,0
219888969,21,3,0,1,0,1,0
219888970,151,3,0,0,0,1,0
219888978,151,3,0,1,0,1,0
219889012,151,3,0,0,0,1,0
219889060,151,3,0,1,0,1,0
219889340,151,3,1,1,0,1,0
219889374,151,3,0,1,0,1,0
219889375,147,3,0,0,0,1,0
219889384,155,3,0,1,0,1,0
219889418,155,3,0,0,0,1,0
219889467,155,3,0,1,0,1,0
219889653,155,3,1,1,0,1,0
219889686,155,3,0,1,0,1,0
219889687,137,3,0,1,0,1,0
219889696,141,3,0,1,0,1,0
219889731,141,3,0,0,0,1,0
219889779,141,3,0,1,0,1,0
219889965,141,3,1,1,0,1,0
219889999,141,3,0,1,0,1,0
219890000,164,3,0,1,0,1,0
219890009,180,3,0,1,0,1,0
219890043,180,3,0,0,0,1,0
219890092,180,3,0,1,0,1,0
219890278,180,3,1,1,0,1,0
219890311,180,3,0,1,0,1,0
219890312,164,3,0,1,0,1,0
219890321,230,3,0,1,0,1,0
219890356,230,3,0,0,0,1,0
219890404,230,3,0,1,0,1,0
219890590,230,3,1,1,0,1,0
219890624,230,3,0,1,0,1,0
219890627,7,3,0,0,0,1,0
219890634,7,3,0,1,0,1,0
219890668,7,3,0,0,0,1,0
219890716,7,3,0,1,0,1,0
219890996,7,3,1,1,0,1,0
219891030,7,3,0,1,0,1,0
219891031,29,3,0,1,0,1,0
219891040,189,3,0,1,0,1,0
219891074,189,3,0,0,0,1,0
219891123,189,3,0,1,0,1,0
219891309,189,3,1,1,0,1,0
219891342,189,3,0,1,0,1,0
219891343,140,3,0,1,0,1,0
219891346,12,3,0,0,0,1,0
219891347,14,3,0,0,0,1,0
219891352,14,3,0,1,0,1,0
219891387,14,3,0,0,0,1,0
219891435,14,3,0,1,0,1,0
219891621,14,3,1,1,0,1,0
219891655,14,3,0,1,0,1,0
219891656,161,3,0,0,0,1,0
219891665,161,3,0,1,0,1,0
219891699,161,3,0,0,0,1,0
219891747,161,3,0,1,0,1,0
219891933,161,3,1,1,0,1,0
219891967,161,3,0,1,0,1,0
219891968,129,3,0,1,0,1,0
219891969,145,3,0,1,0,1,0
219891970,145,3,0,0,0,1,0
219891977,145,3,0,1,0,1,0
219892011,145,3,0,0,0,1,0
219892060,145,3,0,1,0,1,0
219892246,145,3,1,1,0,1,0
219892279,145,3,0,1,0,1,0
219892280,129,3,0,1,0,1,0
219892289,161,3,0,1,0,1,0
219892324,161,3,0,0,0,1,0
219892372,161,3,0,1,0,1,0
219892558,161,3,1,1,0,1,0
219892592,161,3,0,1,0,1,0
219892593,160,3,0,1,0,1,0
219892602,162,3,0,1,0,1,0
219892636,162,3,0,0,0,1,0
219892685,162,3,0,1,0,1,0
219892964,162,3,1,1,0,1,0
219892999,162,3,0,1,0,1,0
219893008,186,3,0,1,0,1,0
219893042,186,3,0,0,0,1,0
219893091,186,3,0,1,0,1,0
219893277,186,3,1,1,0,1,0
219893310,186,3,0,1,0,1,0
219893311,146,3,0,1,0,1,0
219893313,22,3,0,0,0,1,0
219893320,22,3,0,1,0,1,0
219893355,22,3,0,0,0,1,0
219893403,22,3,0,1,0,1,0
219893589,22,3,1,1,0,1,0
219893623,22,3,0,1,0,1,0
219893624,0,3,0,0,0,1,0
219893633,0,3,0,1,0,1,0
219893667,0,3,0,0,0,1,0
219893716,0,3,0,1,0,1,0
219893902,0,3,1,1,0,1,0
219893936,0,3,0,1,0,1,0
219893945,174,3,0,1,0,1,0
219893979,174,3,0,0,0,1,0
219894028,174,3,0,1,0,1,0
219894214,174,3,1,1,0,1,0
219894248,174,3,0,1,0,1,0
219894258,238,3,0,1,0,1,0
219894292,238,3,0,0,0,1,0
219894341,238,3,0,1,0,1,0
219894527,238,3,1,1,0,1,0
219894561,238,3,0,1,0,1,0
219894570,239,3,0,1,0,1,0
219894604,239,3,0,0,0,1,0
219894653,239,3,0,1,0,1,0
219894933,239,3,1,1,0,1,0
219894966,239,3,0,1,0,1,0
219894967,169,3,0,1,0,1,0
219894969,161,3,0,0,0,1,0
219894976,161,3,0,1,0,1,0
219895010,161,3,0,0,0,1,0
219895059,161,3,0,1,0,1,0
219895245,161,3,1,1,0,1,0
219895279,161,3,0,1,0,1,0
219895280,40,3,0,1,0,1,0
219895289,42,3,0,1,0,1,0
219895323,42,3,0,0,0,1,0
219895372,42,3,0,1,0,1,0
219895558,42,3,1,1,0,1,0
219895591,42,3,0,1,0,1,0
219895592,40,3,0,1,0,1,0
219895601,169,3,0,1,0,1,0
219895635,169,3,0,0,0,1,0
219895684,169,3,0,1,0,1,0
219895870,169,3,1,1,0,1,0
219895903,169,3,0,1,0,1,0
219895904,137,3,0,1,0,1,0
219895913,157,3,0,1,0,1,0
219895948,157,3,0,0,0,1,0
219895997,157,3,0,1,0,1,0
219896183,157,3,1,1,0,1,0
219896216,157,3,0,1,0,1,0
219896217,9,3,0,0,0,1,0
219896226,11,3,0,1,0,1,0
219896260,11,3,0,0,0,1,0
219896309,11,3,0,1,0,1,0
219896495,11,3,1,1,0,1,0
219896528,11,3,0,1,0,1,0
219896538,9,3,0,1,0,1,0
219896573,9,3,0,0,0,1,0
219896621,9,3,0,1,0,1,0
219896901,9,3,1,1,0,1,0
219896934,9,3,0,1,0,1,0
219896935,8,3,0,1,0,1,0
219896944,252,3,0,1,0,1,0
219896978,252,3,0,0,0,1,0
219897028,252,3,0,1,0,1,0
219897214,252,3,1,1,0,1,0
219897247,252,3,0,1,0,1,0
219897252,0,3,0,0,0,1,0
219897257,0,3,0,1,0,1,0
219897278,0,3,0,0,0,1,0
219897291,0,3,1,0,0,1,0
219897526,0,3,1,1,0,1,0
219897591,0,3,0,1,0,1,0
219897600,233,3,0,1,0,1,0
219897634,233,3,0,0,0,1,0
219897684,233,3,0,1,0,1,0
219897838,233,3,1,1,0,1,0
219897872,233,3,0,1,0,1,0
219897882,238,3,0,1,0,1,0
219897916,238,3,0,0,0,1,0
219897965,238,3,0,1,0,1,0
219898151,238,3,1,1,0,1,0
219898184,238,3,0,1,0,1,0
219898185,232,3,0,0,0,1,0
219898194,232,3,0,1,0,1,0
219898228,232,3,0,0,0,1,0
219898277,232,3,0,1,0,1,0
219898557,232,3,1,1,0,1,0
219898590,232,3,0,1,0,1,0
219898591,224,3,0,1,0,1,0
219898600,241,3,0,1,0,1,0
219898634,241,3,0,0,0,1,0
219898683,241,3,0,1,0,1,0
219898869,241,3,1,1,0,1,0
219898903,241,3,0,1,0,1,0
219898904,137,3,0,0,0,1,0
219898905,141,3,0,1,0,1,0
219898906,141,3,0,0,0,1,0
219898913,141,3,0,1,0,1,0
219898947,141,3,0,0,0,1,0
219898996,141,3,0,1,0,1,0
219899182,141,3,1,1,0,1,0
219899215,141,3,0,1,0,1,0
219899216,132,3,0,1,0,1,0
219899225,212,3,0,1,0,1,0
219899259,212,3,0,0,0,1,0
219899308,212,3,0,1,0,1,0
219899494,212,3,1,1,0,1,0
219899527,212,3,0,1,0,1,0
219899528,196,3,0,1,0,1,0
219899537,230,3,0,1,0,1,0
219899572,230,3,0,0,0,1,0
219899621,230,3,0,1,0,1,0
219899807,230,3,1,1,0,1,0
219899840,230,3,0,1,0,1,0
219899841,6,3,0,0,0,1,0
219899850,31,3,0,1,0,1,0
219899884,31,3,0,0,0,1,0
219899933,31,3,0,1,0,1,0
219900119,31,3,1,1,0,1,0
219900153,31,3,0,1,0,1,0
219900162,223,3,0,1,0,1,0
219900197,223,3,0,0,0,1,0
219900245,223,3,0,1,0,1,0
219900525,223,3,1,1,0,1,0
219900558,223,3,0,1,0,1,0
219900559,137,3,0,1,0,1,0
219900560,137,3,0,0,0,1,0
219900562,137,3,0,1,0,1,0
219900568,169,3,0,1,0,1,0
219900602,169,3,0,0,0,1,0
219900652,169,3,0,1,0,1,0
219900838,169,3,1,1,0,1,0
219900871,169,3,0,1,0,1,0
219900872,236,3,0,1,0,1,0
219900881,238,3,0,1,0,1,0
219900915,238,3,0,0,0,1,0
219900964,238,3,0,1,0,1,0
219901150,238,3,1,1,0,1,0
219901183,238,3,0,1,0,1,0
219901186,34,3,0,0,0,1,0
219901193,34,3,0,1,0,1,0
219901227,34,3,0,0,0,1,0
219901277,34,3,0,1,0,1,0
219901463,34,3,1,1,0,1,0
219901496,34,3,0,1,0,1,0
219901506,13,3,0,1,0,1,0
219901540,13,3,0,0,0,1,0
219901589,13,3,0,1,0,1,0
219901775,13,3,1,1,0,1,0
219901808,13,3,0,1,0,1,0
219901809,1,3,0,0,0,1,0
219901818,145,3,0,1,0,1,0
219901852,145,3,0,0,0,1,0
219901902,145,3,0,1,0,1,0
219902088,145,3,1,1,0,1,0
219902120,145,3,0,1,0,1,0
219902121,129,3,0,1,0,1,0
219902130,231,3,0,1,0,1,0
219902165,231,3,0,0,0,1,0
219902214,231,3,0,1,0,1,0
219902494,231,3,1,1,0,1,0
219902527,231,3,0,1,0,1,0
219902530,7,3,0,0,0,1,0
219902537,7,3,0,1,0,1,0
219902571,7,3,0,0,0,1,0
219902620,7,3,0,1,0,1,0
219902806,7,3,1,1,0,1,0
219902839,7,3,0,1,0,1,0
219902840,6,3,0,1,0,1,0
219902849,238,3,0,1,0,1,0
219902883,238,3,0,0,0,1,0
219902933,238,3,0,1,0,1,0
219903119,238,3,1,1,0,1,0
219903151,238,3,0,1,0,1,0
219903152,138,3,0,1,0,1,0
219903153,10,3,0,0,0,1,0
219903154,26,3,0,0,0,1,0
219903155,26,3,0,1,0,1,0
219903156,26,3,0,0,0,1,0
219903161,26,3,0,1,0,1,0
219903196,26,3,0,0,0,1,0
219903245,26,3,0,1,0,1,0
219903431,26,3,1,1,0,1,0
219903464,26,3,0,1,0,1,0
219903465,0,3,0,0,0,1,0
219903474,97,3,0,1,0,1,0
219903508,97,3,0,0,0,1,0
219903557,97,3,0,1,0,1,0
219903743,97,3,1,1,0,1,0
219903776,97,3,0,1,0,1,0
219903777,1,3,0,1,0,1,0
219903786,155,3,0,1,0,1,0
219903820,155,3,0,0,0,1,0
219903870,155,3,0,1,0,1,0
219904150,155,3,1,1,0,1,0
219904182,155,3,0,1,0,1,0
219904183,130,3,0,1,0,1,0
219904184,0,3,0,0,0,1,0
219904185,0,3,0,1,0,1,0
219904187,0,3,0,0,0,1,0
219904192,0,3,0,1,0,1,0
219904227,0,3,0,0,0,1,0
219904276,0,3,0,1,0,1,0
219904462,0,3,1,1,0,1,0
219904495,0,3,0,1,0,1,0
219904505,16,3,0,1,0,1,0
219904539,16,3,0,0,0,1,0
219904588,16,3,0,1,0,1,0
219904775,16,3,1,1,0,1,0
219904807,16,3,0,1,0,1,0
219904808,0,3,0,1,0,1,0
219904817,33,3,0,1,0,1,0
219904851,33,3,0,0,0,1,0
219904901,33,3,0,1,0,1,0
219905087,33,3,1,1,0,1,0
219905120,33,3,0,1,0,1,0
219905121,0,3,0,1,0,1,0
219905123,0,3,0,0,0,1,0
219905130,0,3,0,1,0,1,0
219905164,0,3,0,0,0,1,0
219905213,0,3,0,1,0,1,0
219905399,0,3,1,1,0,1,0
219905442,0,3,0,1,0,1,0
219905476,0,3,0,0,0,1,0
219905526,0,3,0,1,0,1,0
219905712,0,3,1,1,0,1,0
219905745,0,3,0,1,0,1,0
219905754,24,3,0,1,0,1,0
219905789,24,3,0,0,0,1,0
219905838,24,3,0,1,0,1,0
219906118,24,3,1,1,0,1,0
219906150,24,3,0,1,0,1,0
219906151,16,3,0,1,0,1,0
219906152,65,3,0,0,0,1,0
219906161,65,3,0,1,0,1,0
219906195,65,3,0,0,0,1,0
219906244,65,3,0,1,0,1,0
219906430,65,3,1,1,0,1,0
219906463,65,3,0,1,0,1,0
219906464,0,3,0,1,0,1,0
219906473,144,3,0,1,0,1,0
219906507,144,3,0,0,0,1,0
219906557,144,3,0,1,0,1,0
219906743,144,3,1,1,0,1,0
219906775,144,3,0,1,0,1,0
219906778,0,3,0,1,0,1,0
219906779,0,3,0,0,0,1,0
219906785,0,3,0,1,0,1,0
219906820,0,3,0,0,0,1,0
219906869,0,3,0,1,0,1,0
219907055,0,3,1,1,0,1,0
219907088,0,3,0,1,0,1,0
219907089,2,3,0,1,0,1,0
219907098,10,3,0,1,0,1,0
219907132,10,3,0,0,0,1,0
219907182,10,3,0,1,0,1,0
219907368,10,3,1,1,0,1,0
219907400,10,3,0,1,0,1,0
219907401,0,3,0,1,0,1,0
219907410,129,3,0,1,0,1,0
219907444,129,3,0,0,0,1,0
219907494,129,3,0,1,0,1,0
219907680,129,3,1,1,0,1,0
219907713,129,3,0,1,0,1,0
219907723,9,3,0,1,0,1,0
219907757,9,3,0,0,0,1,0
219907806,9,3,0,1,0,1,0
219908086,9,3,1,1,0,1,0
219908119,9,3,0,1,0,1,0
219908129,33,3,0,1,0,1,0
219908163,33,3,0,0,0,1,0
219908213,33,3,0,1,0,1,0
219908399,33,3,1,1,0,1,0
219908431,33,3,0,1,0,1,0
219908432,0,3,0,1,0,1,0
219908433,10,3,0,1,0,1,0
219908434,10,3,0,0,0,1,0
219908441,10,3,0,1,0,1,0
219908475,10,3,0,0,0,1,0
219908525,10,3,0,1,0,1,0
219908711,10,3,1,1,0,1,0
219908744,10,3,0,1,0,1,0
219908753,128,3,0,1,0,1,0
219908788,128,3,0,0,0,1,0
219908838,128,3,0,1,0,1,0
219909024,128,3,1,1,0,1,0
219909056,128,3,0,1,0,1,0
219909066,0,3,0,1,0,1,0
219909100,0,3,0,0,0,1,0
219909150,0,3,0,1,0,1,0
219909336,0,3,1,1,0,1,0
219909369,0,3,0,1,0,1,0
219909378,141,3,0,1,0,1,0
219909413,141,3,0,0,0,1,0
219909462,141,3,0,1,0,1,0
219909742,141,3,1,1,0,1,0
219909774,141,3,0,1,0,1,0
219909775,129,3,0,1,0,1,0
219909777,0,3,0,0,0,1,0
219909778,0,3,0,1,0,1,0
219909779,2,3,0,0,0,1,0
219909784,2,3,0,1,0,1,0
219909819,2,3,0,0,0,1,0
219909869,2,3,0,1,0,1,0
219910055,2,3,1,1,0,1,0
219910087,2,3,0,1,0,1,0
219910088,0,3,0,1,0,1,0
219910097,1,3,0,1,0,1,0
219910131,1,3,0,0,0,1,0
219910181,1,3,0,1,0,1,0
219910367,1,3,1,1,0,1,0
219910399,1,3,0,1,0,1,0
219910409,0,3,0,1,0,1,0
219910443,0,3,0,0,0,1,0
219910494,0,3,0,1,0,1,0
219910680,0,3,1,1,0,1,0
219910712,0,3,0,1,0,1,0
219910722,2,3,0,1,0,1,0
219910756,2,3,0,0,0,1,0
219910806,2,3,0,1,0,1,0
219910992,2,3,1,1,0,1,0
219911024,2,3,0,1,0,1,0
219911034,0,3,0,1,0,1,0
219911068,0,3,0,0,0,1,0
219911118,0,3,0,1,0,1,0
219911304,0,3,1,1,0,1,0
219911337,0,3,0,1,0,1,0
219911339,178,3,0,1,0,1,0
219911347,186,3,0,1,0,1,0
219911381,186,3,0,0,0,1,0
219911431,186,3,0,1,0,1,0
219911711,186,3,1,1,0,1,0
219911743,186,3,0,1,0,1,0
219911746,145,3,0,0,0,1,0
219911753,145,3,0,1,0,1,0
219911787,145,3,0,0,0,1,0
219911837,145,3,0,1,0,1,0
219912023,145,3,1,1,0,1,0
219912055,145,3,0,1,0,1,0
219912056,0,3,0,1,0,1,0
219912057,0,3,0,0,0,1,0
219912058,0,3,0,1,0,1,0
219912059,0,3,0,0,0,1,0
219912065,0,3,0,1,0,1,0
219912099,0,3,0,0,0,1,0
219912149,0,3,0,1,0,1,0
219912335,0,3,1,1,0,1,0
219912368,0,3,0,1,0,1,0
219912377,160,3,0,1,0,1,0
219912412,160,3,0,0,0,1,0
219912462,160,3,0,1,0,1,0
219912648,160,3,1,1,0,1,0
219912680,160,3,0,1,0,1,0
219912681,132,3,0,1,0,1,0
219912690,141,3,0,1,0,1,0
219912724,141,3,0,0,0,1,0
219912774,141,3,0,1,0,1,0
219912960,141,3,1,1,0,1,0
219912992,141,3,0,1,0,1,0
219912993,132,3,0,1,0,1,0
219912994,212,3,0,0,0,1,0
219913002,212,3,0,1,0,1,0
219913037,212,3,0,0,0,1,0
219913087,212,3,0,1,0,1,0
219913273,212,3,1,1,0,1,0
219913305,212,3,0,1,0,1,0
219913315,230,3,0,1,0,1,0
219913349,230,3,0,0,0,1,0
219913399,230,3,0,1,0,1,0
219913679,230,3,1,1,0,1,0
219913711,230,3,0,1,0,1,0
219913712,4,3,0,1,0,1,0
219913715,5,3,0,0,0,1,0
219913721,5,3,0,1,0,1,0
219913755,5,3,0,0,0,1,0
219913805,5,3,0,1,0,1,0
219913991,5,3,1,1,0,1,0
219914024,5,3,0,1,0,1,0
219914033,223,3,0,1,0,1,0
219914068,223,3,0,0,0,1,0
219914118,223,3,0,1,0,1,0
219914304,223,3,1,1,0,1,0
219914336,223,3,0,1,0,1,0
219914346,190,3,0,1,0,1,0
219914380,190,3,0,0,0,1,0
219914430,190,3,0,1,0,1,0
219914616,190,3,1,1,0,1,0
219914648,190,3,0,1,0,1,0
219914649,174,3,0,1,0,1,0
219914658,238,3,0,1,0,1,0
219914692,238,3,0,0,0,1,0
219914743,238,3,0,1,0,1,0
219914929,238,3,1,1,0,1,0
219914961,238,3,0,1,0,1,0
219914962,12,3,0,0,0,1,0
219914964,13,3,0,0,0,1,0
219914971,13,3,0,1,0,1,0
219915005,13,3,0,0,0,1,0
219915055,13,3,0,1,0,1,0
219915241,13,3,1,1,0,1,0
219915273,13,3,0,1,0,1,0
219915274,1,3,0,0,0,1,0
219915283,33,3,0,1,0,1,0
219915317,33,3,0,0,0,1,0
219915367,33,3,0,1,0,1,0
219915647,33,3,1,1,0,1,0
219915679,33,3,0,1,0,1,0
219915680,0,3,0,1,0,1,0
219915682,0,3,0,0,0,1,0
219915689,0,3,0,1,0,1,0
219915723,0,3,0,0,0,1,0
219915774,0,3,0,1,0,1,0
219915960,0,3,1,1,0,1,0
219915992,0,3,0,1,0,1,0
219916001,2,3,0,1,0,1,0
219916036,2,3,0,0,0,1,0
219916086,2,3,0,1,0,1,0
219916272,2,3,1,1,0,1,0
219916335,2,3,0,1,0,1,0
219916345,0,3,0,1,0,1,0
219916379,0,3,0,0,0,1,0
219916430,0,3,0,1,0,1,0
219916585,0,3,1,1,0,1,0
219916617,0,3,0,1,0,1,0
219916626,232,3,0,1,0,1,0
219916660,232,3,0,0,0,1,0
219916711,232,3,0,1,0,1,0
219916897,232,3,1,1,0,1,0
219916929,232,3,0,1,0,1,0
219916930,247,3,0,0,0,1,0
219916939,247,3,0,1,0,1,0
219916973,247,3,0,0,0,1,0
219917023,247,3,0,1,0,1,0
219917303,247,3,1,1,0,1,0
219917335,247,3,0,1,0,1,0
219917336,33,3,0,0,0,1,0
219917345,33,3,0,1,0,1,0
219917379,33,3,0,0,0,1,0
219917430,33,3,0,1,0,1,0
219917616,33,3,1,1,0,1,0
219917647,33,3,0,1,0,1,0
219917648,1,3,0,1,0,1,0
219917657,15,3,0,1,0,1,0
219917692,15,3,0,0,0,1,0
219917742,15,3,0,1,0,1,0
219917928,15,3,1,1,0,1,0
219917960,15,3,0,1,0,1,0
219917961,247,3,0,0,0,1,0
219917970,247,3,0,1,0,1,0
219918004,247,3,0,0,0,1,0
219918054,247,3,0,1,0,1,0
219918240,247,3,1,1,0,1,0
219918272,247,3,0,1,0,1,0
219918273,240,3,0,0,0,1,0
219918282,248,3,0,1,0,1,0
219918316,248,3,0,0,0,1,0
219918367,248,3,0,1,0,1,0
219918553,248,3,1,1,0,1,0
219918584,248,3,0,1,0,1,0
219918585,152,3,0,1,0,1,0
219918588,145,3,0,0,0,1,0
219918594,149,3,0,1,0,1,0
219918629,149,3,0,0,0,1,0
219918679,149,3,0,1,0,1,0
219918865,149,3,1,1,0,1,0
219918897,149,3,0,1,0,1,0
219918907,244,3,0,1,0,1,0
219918941,244,3,0,0,0,1,0
219918992,244,3,0,1,0,1,0
219919272,244,3,1,1,0,1,0
219919303,244,3,0,1,0,1,0
219919304,148,3,0,1,0,1,0
219919305,149,3,0,0,0,1,0
219919313,149,3,0,1,0,1,0
219919347,149,3,0,0,0,1,0
219919398,149,3,0,1,0,1,0
219919584,149,3,1,1,0,1,0
219919615,149,3,0,1,0,1,0
219919616,148,3,0,1,0,1,0
219919625,246,3,0,1,0,1,0
219919660,246,3,0,0,0,1,0
219919710,246,3,0,1,0,1,0
219919896,246,3,1,1,0,1,0
219919928,246,3,0,1,0,1,0
219919929,22,3,0,1,0,1,0
219919930,30,3,0,0,0,1,0
219919938,30,3,0,1,0,1,0
219919972,30,3,0,0,0,1,0
219920023,30,3,0,1,0,1,0
219920209,30,3,1,1,0,1,0
219920240,30,3,0,1,0,1,0
219920241,24,3,0,1,0,1,0
219920250,184,3,0,1,0,1,0
219920284,184,3,0,0,0,1,0
219920335,184,3,0,1,0,1,0
219920521,184,3,1,1,0,1,0
219920553,184,3,0,1,0,1,0
219920563,52,3,0,1,0,1,0
219920597,52,3,0,0,0,1,0
219920648,52,3,0,1,0,1,0
219920834,52,3,1,1,0,1,0
219920865,52,3,0,1,0,1,0
219920868,0,3,0,0,0,1,0
219920875,8,3,0,1,0,1,0
219920909,8,3,0,0,0,1,0
219920960,8,3,0,1,0,1,0
219921240,8,3,1,1,0,1,0
219921271,8,3,0,1,0,1,0
219921281,0,3,0,1,0,1,0
219921316,0,3,0,0,0,1,0
219921366,0,3,0,1,0,1,0
219921552,0,3,1,1,0,1,0
219921584,0,3,0,1,0,1,0
219921594,248,3,0,1,0,1,0
219921628,248,3,0,0,0,1,0
219921679,248,3,0,1,0,1,0
219921865,248,3,1,1,0,1,0
219921896,248,3,0,1,0,1,0
219921897,216,3,0,1,0,1,0
219921906,223,3,0,1,0,1,0
219921940,223,3,0,0,0,1,0
219921991,223,3,0,1,0,1,0
219922177,223,3,1,1,0,1,0
219922209,223,3,0,1,0,1,0
219922218,188,3,0,1,0,1,0
219922253,188,3,0,0,0,1,0
219922304,188,3,0,1,0,1,0
219922490,188,3,1,1,0,1,0
219922522,188,3,0,1,0,1,0
219922531,189,3,0,1,0,1,0
219922565,189,3,0,0,0,1,0
219922616,189,3,0,1,0,1,0
219922896,189,3,1,1,0,1,0
219922927,189,3,0,1,0,1,0
219922928,160,3,0,0,0,1,0
219922930,224,3,0,0,0,1,0
219922937,224,3,0,1,0,1,0
219922971,224,3,0,0,0,1,0
219923022,224,3,0,1,0,1,0
219923208,224,3,1,1,0,1,0
219923240,224,3,0,1,0,1,0
219923249,232,3,0,1,0,1,0
219923283,232,3,0,0,0,1,0
219923335,232,3,0,1,0,1,0
219923521,232,3,1,1,0,1,0
219923552,232,3,0,1,0,1,0
219923553,169,3,0,1,0,1,0
219923562,171,3,0,1,0,1,0
219923596,171,3,0,0,0,1,0
219923647,171,3,0,1,0,1,0
219923833,171,3,1,1,0,1,0
219923864,171,3,0,1,0,1,0
219923865,32,3,0,1,0,1,0
219923874,52,3,0,1,0,1,0
219923909,52,3,0,0,0,1,0
219923959,52,3,0,1,0,1,0
219924145,52,3,1,1,0,1,0
219924177,52,3,0,1,0,1,0
219924180,0,3,0,0,0,1,0
219924187,8,3,0,1,0,1,0
219924221,8,3,0,0,0,1,0
219924272,8,3,0,1,0,1,0
219924458,8,3,1,1,0,1,0
219924489,8,3,0,1,0,1,0
219924499,0,3,0,1,0,1,0
219924533,0,3,0,0,0,1,0
219924584,0,3,0,1,0,1,0
219924864,0,3,1,1,0,1,0
219924896,0,3,0,1,0,1,0
219924905,241,3,0,1,0,1,0
219924939,241,3,0,0,0,1,0
219924991,241,3,0,1,0,1,0
219925177,241,3,1,1,0,1,0
219925208,241,3,0,1,0,1,0
219925218,232,3,0,1,0,1,0
219925252,232,3,0,0,0,1,0
219925303,232,3,0,1,0,1,0
219925489,232,3,1,1,0,1,0
219925521,232,3,0,1,0,1,0
219925530,250,3,0,1,0,1,0
219925564,250,3,0,0,0,1,0
219925615,250,3,0,1,0,1,0
219925801,250,3,1,1,0,1,0
219925832,250,3,0,1,0,1,0
219925833,234,3,0,1,0,1,0
219925842,169,3,0,1,0,1,0
219925876,169,3,0,0,0,1,0
219925928,169,3,0,1,0,1,0
219926114,169,3,1,1,0,1,0
219926145,169,3,0,1,0,1,0
219926146,172,3,0,1,0,1,0
219926155,190,3,0,1,0,1,0
219926189,190,3,0,0,0,1,0
219926240,190,3,0,1,0,1,0
219926426,190,3,1,1,0,1,0
219926457,190,3,0,1,0,1,0
219926458,160,3,0,1,0,1,0
219926459,161,3,0,0,0,1,0
219926467,161,3,0,1,0,1,0
219926501,161,3,0,0,0,1,0
219926553,161,3,0,1,0,1,0
219926832,161,3,1,1,0,1,0
219926864,161,3,0,1,0,1,0
219926873,181,3,0,1,0,1,0
219926908,181,3,0,0,0,1,0
219926959,181,3,0,1,0,1,0
219927145,181,3,1,1,0,1,0
219927176,181,3,0,1,0,1,0
219927177,179,3,0,0,0,1,0
219927186,179,3,0,1,0,1,0
219927220,179,3,0,0,0,1,0
219927271,179,3,0,1,0,1,0
219927457,179,3,1,1,0,1,0
219927488,179,3,0,1,0,1,0
219927489,17,3,0,1,0,1,0
219927492,17,3,0,0,0,1,0
219927498,81,3,0,1,0,1,0
219927533,81,3,0,0,0,1,0
219927584,81,3,0,1,0,1,0
219927770,81,3,1,1,0,1,0
219927801,81,3,0,1,0,1,0
219927802,247,3,0,1,0,1,0
219927811,255,3,0,1,0,1,0
219927845,255,3,0,0,0,1,0
219927896,255,3,0,1,0,1,0
219928082,255,3,1,1,0,1,0
219928113,255,3,0,1,0,1,0
219928123,253,3,0,1,0,1,0
219928157,253,3,0,0,0,1,0
219928208,253,3,0,1,0,1,0
219928488,253,3,1,1,0,1,0
219928519,253,3,0,1,0,1,0
219928522,137,3,0,0,0,1,0
219928529,137,3,0,1,0,1,0
219928563,137,3,0,0,0,1,0
219928615,137,3,0,1,0,1,0
219928801,137,3,1,1,0,1,0
219928832,137,3,0,1,0,1,0
219928833,76,3,0,1,0,1,0
219928842,68,3,0,1,0,1,0
219928876,68,3,0,0,0,1,0
219928927,68,3,0,1,0,1,0
219929113,68,3,1,1,0,1,0
219929145,68,3,0,1,0,1,0
219929154,223,3,0,1,0,1,0
219929188,223,3,0,0,0,1,0
219929240,223,3,0,1,0,1,0
219929426,223,3,1,1,0,1,0
219929457,223,3,0,1,0,1,0
219929458,136,3,0,0,0,1,0
219929460,136,3,0,1,0,1,0
219929466,168,3,0,1,0,1,0
219929500,168,3,0,0,0,1,0
219929552,168,3,0,1,0,1,0
219929738,168,3,1,1,0,1,0
219929769,168,3,0,1,0,1,0
219929770,142,3,0,1,0,1,0
219929779,158,3,0,1,0,1,0
219929813,158,3,0,0,0,1,0
219929865,158,3,0,1,0,1,0
219930051,158,3,1,1,0,1,0
219930081,158,3,0,1,0,1,0
219930082,14,3,0,1,0,1,0
219930083,14,3,0,0,0,1,0
219930091,14,3,0,1,0,1,0
219930126,14,3,0,0,0,1,0
219930177,14,3,0,1,0,1,0
219930457,14,3,1,1,0,1,0
219930487,14,3,0,1,0,1,0
219930488,6,3,0,1,0,1,0
219930489,7,3,0,0,0,1,0
219930497,7,3,0,1,0,1,0
219930532,7,3,0,0,0,1,0
219930583,7,3,0,1,0,1,0
219930769,7,3,1,1,0,1,0
219930800,7,3,0,1,0,1,0
219930801,11,3,0,0,0,1,0
219930810,11,3,0,1,0,1,0
219930844,11,3,0,0,0,1,0
219930896,11,3,0,1,0,1,0
219931082,11,3,1,1,0,1,0
219931112,11,3,0,1,0,1,0
219931122,0,3,0,1,0,1,0
219931156,0,3,0,0,0,1,0
219931208,0,3,0,1,0,1,0
219931394,0,3,1,1,0,1,0
219931425,0,3,0,1,0,1,0
219931435,7,3,0,1,0,1,0
219931469,7,3,0,0,0,1,0
219931520,7,3,0,1,0,1,0
219931706,7,3,1,1,0,1,0
219931737,7,3,0,1,0,1,0
219931738,3,3,0,0,0,1,0
219931747,179,3,0,1,0,1,0
219931781,179,3,0,0,0,1,0
219931833,179,3,0,1,0,1,0
219932019,179,3,1,1,0,1,0
219932049,179,3,0,1,0,1,0
219932059,177,3,0,1,0,1,0
219932093,177,3,0,0,0,1,0
219932145,177,3,0,1,0,1,0
219932425,177,3,1,1,0,1,0
219932456,177,3,0,1,0,1,0
219932459,0,3,0,0,0,1,0
219932466,0,3,0,1,0,1,0
219932500,0,3,0,0,0,1,0
219932551,0,3,0,1,0,1,0
219932737,0,3,1,1,0,1,0
219932769,0,3,0,1,0,1,0
219932778,6,3,0,1,0,1,0
219932812,6,3,0,0,0,1,0
219932864,6,3,0,1,0,1,0
219933050,6,3,1,1,0,1,0
219933080,6,3,0,1,0,1,0
219933081,0,3,0,1,0,1,0
219933082,1,3,0,0,0,1,0
219933090,1,3,0,1,0,1,0
219933125,1,3,0,0,0,1,0
219933176,1,3,0,1,0,1,0
219933362,1,3,1,1,0,1,0
219933394,1,3,0,1,0,1,0
219933403,11,3,0,1,0,1,0
219933437,11,3,0,0,0,1,0
219933489,11,3,0,1,0,1,0
219933675,11,3,1,1,0,1,0
219933705,11,3,0,1,0,1,0
219933706,10,3,0,1,0,1,0
219933715,250,3,0,1,0,1,0
219933749,250,3,0,0,0,1,0
219933801,250,3,0,1,0,1,0
219933987,250,3,1,1,0,1,0
219934018,250,3,0,1,0,1,0
219934022,8,3,0,0,0,1,0
219934028,8,3,0,1,0,1,0
219934062,8,3,0,0,0,1,0
219934114,8,3,0,1,0,1,0
219934393,8,3,1,1,0,1,0
219934424,8,3,0,1,0,1,0
219934434,149,3,0,1,0,1,0
219934468,149,3,0,0,0,1,0
219934520,149,3,0,1,0,1,0
219934706,149,3,1,1,0,1,0
219934736,149,3,0,1,0,1,0
219934737,148,3,0,1,0,1,0
219934746,188,3,0,1,0,1,0
219934780,188,3,0,0,0,1,0
219934832,188,3,0,1,0,1,0
219935018,188,3,1,1,0,1,0
219935080,188,3,0,1,0,1,0
219935081,20,3,0,0,0,1,0
219935083,22,3,0,0,0,1,0
219935090,22,3,0,1,0,1,0
219935124,22,3,0,0,0,1,0
219935176,22,3,0,1,0,1,0
219935331,22,3,1,1,0,1,0
219935361,22,3,0,1,0,1,0
219935362,4,3,0,1,0,1,0
219935371,12,3,0,1,0,1,0
219935405,12,3,0,0,0,1,0
219935457,12,3,0,1,0,1,0
219935643,12,3,1,1,0,1,0
219935673,12,3,0,1,0,1,0
219935674,0,3,0,1,0,1,0
219935676,0,3,0,0,0,1,0
219935683,0,3,0,1,0,1,0
219935718,0,3,0,0,0,1,0
219935769,0,3,0,1,0,1,0
219936049,0,3,1,1,0,1,0
219936090,0,3,0,1,0,1,0
219936124,0,3,0,0,0,1,0
219936176,0,3,0,1,0,1,0
219936362,0,3,1,1,0,1,0
219936393,0,3,0,1,0,1,0
219936402,1,3,0,1,0,1,0
219936436,1,3,0,0,0,1,0
219936488,1,3,0,1,0,1,0
219936674,1,3,1,1,0,1,0
219936705,1,3,0,1,0,1,0
219936714,255,3,0,1,0,1,0
219936748,255,3,0,0,0,1,0
219936801,255,3,0,1,0,1,0
219936987,255,3,1,1,0,1,0
219937017,255,3,0,1,0,1,0
219937018,179,3,0,0,0,1,0
219937027,179,3,0,1,0,1,0
219937061,179,3,0,0,0,1,0
219937113,179,3,0,1,0,1,0
219937299,179,3,1,1,0,1,0
219937329,179,3,0,1,0,1,0
219937330,129,3,0,1,0,1,0
219937339,197,3,0,1,0,1,0
219937374,197,3,0,0,0,1,0
219937425,197,3,0,1,0,1,0
219937611,197,3,1,1,0,1,0
219937642,197,3,0,1,0,1,0
219937643,247,3,0,1,0,1,0
219937652,255,3,0,1,0,1,0
219937686,255,3,0,0,0,1,0
219937738,255,3,0,1,0,1,0
219938018,255,3,1,1,0,1,0
219938079,255,3,0,1,0,1,0
219938089,247,3,0,1,0,1,0
219938123,247,3,0,0,0,1,0
219938175,247,3,0,1,0,1,0
219938330,247,3,1,1,0,1,0
219938391,247,3,0,1,0,1,0
219938392,243,3,0,1,0,1,0
219938393,33,3,0,0,0,1,0
219938401,33,3,0,1,0,1,0
219938435,33,3,0,0,0,1,0
219938488,33,3,0,1,0,1,0
219938642,33,3,1,1,0,1,0
219938704,33,3,0,1,0,1,0
219938714,12,3,0,1,0,1,0
219938748,12,3,0,0,0,1,0
219938800,12,3,0,1,0,1,0
219938955,12,3,1,1,0,1,0
219938986,12,3,0,1,0,1,0
219938995,252,3,0,1,0,1,0
219939029,252,3,0,0,0,1,0
219939081,252,3,0,1,0,1,0
219939267,252,3,1,1,0,1,0
219939329,252,3,0,1,0,1,0
219939334,0,3,0,0,0,1,0
219939339,0,3,0,1,0,1,0
219939363,0,3,0,0,0,1,0
219939372,0,3,1,0,0,1,0
219939580,0,3,1,1,0,1,0
219939642,0,3,0,1,0,1,0
219939651,161,3,0,1,0,1,0
219939685,161,3,0,0,0,1,0
219939737,161,3,0,1,0,1,0
219939986,161,3,1,1,0,1,0
219940078,161,3,0,1,0,1,0
219940079,129,3,0,1,0,1,0
219940080,193,3,0,0,0,1,0
219940088,201,3,0,1,0,1,0
219940122,201,3,0,0,0,1,0
219940175,201,3,0,1,0,1,0
219940298,201,3,1,1,0,1,0
219940360,201,3,0,1,0,1,0
219940370,189,3,0,1,0,1,0
219940404,189,3,0,0,0,1,0
219940456,189,3,0,1,0,1,0
219940611,189,3,1,1,0,1,0
219940672,189,3,0,1,0,1,0
219940675,24,3,0,0,0,1,0
219940676,26,3,0,1,0,1,0
219940677,26,3,0,0,0,1,0
219940682,26,3,0,1,0,1,0
219940716,26,3,0,0,0,1,0
219940769,26,3,0,1,0,1,0
219940923,26,3,1,1,0,1,0
219940984,26,3,0,1,0,1,0
219940985,8,3,0,1,0,1,0
219940994,12,3,0,1,0,1,0
219941029,12,3,0,0,0,1,0
219941081,12,3,0,1,0,1,0
219941236,12,3,1,1,0,1,0
219941328,12,3,0,1,0,1,0
219941329,8,3,0,0,0,1,0
219941338,152,3,0,1,0,1,0
219941372,152,3,0,0,0,1,0
219941425,152,3,0,1,0,1,0
219941642,152,3,1,1,0,1,0
219941703,152,3,0,1,0,1,0
219941704,136,3,0,1,0,1,0
219941713,169,3,0,1,0,1,0
219941747,169,3,0,0,0,1,0
219941800,169,3,0,1,0,1,0
219941954,169,3,1,1,0,1,0
219942015,169,3,0,1,0,1,0
219942016,136,3,0,1,0,1,0
219942019,144,3,0,0,0,1,0
219942025,144,3,0,1,0,1,0
219942060,144,3,0,0,0,1,0
219942112,144,3,0,1,0,1,0
219942267,144,3,1,1,0,1,0
219942328,144,3,0,1,0,1,0
219942329,148,3,0,1,0,1,0
219942338,189,3,0,1,0,1,0
219942372,189,3,0,0,0,1,0
219942425,189,3,0,1,0,1,0
219942579,189,3,1,1,0,1,0
219942640,189,3,0,1,0,1,0
219942641,145,3,0,0,0,1,0
219942645,3,3,0,0,0,1,0
219942650,3,3,0,1,0,1,0
219942684,3,3,0,0,0,1,0
219942737,3,3,0,1,0,1,0
219942892,3,3,1,1,0,1,0
219942953,3,3,0,1,0,1,0
219942963,186,3,0,1,0,1,0
219942997,186,3,0,0,0,1,0
219943049,186,3,0,1,0,1,0
219943204,186,3,1,1,0,1,0
219943265,186,3,0,1,0,1,0
219943266,176,3,0,1,0,1,0
219943275,177,3,0,1,0,1,0
219943309,177,3,0,0,0,1,0
219943362,177,3,0,1,0,1,0
219943610,177,3,1,1,0,1,0
219943671,177,3,0,1,0,1,0
219943672,0,3,0,1,0,1,0
219943675,0,3,0,0,0,1,0
219943681,0,3,0,1,0,1,0
219943715,0,3,0,0,0,1,0
219943768,0,3,0,1,0,1,0
219943923,0,3,1,1,0,1,0
219943984,0,3,0,1,0,1,0
219943993,144,3,0,1,0,1,0
219944028,144,3,0,0,0,1,0
219944080,144,3,0,1,0,1,0
219944235,144,3,1,1,0,1,0
219944296,144,3,0,1,0,1,0
219944297,128,3,0,1,0,1,0
219944306,171,3,0,1,0,1,0
219944340,171,3,0,0,0,1,0
219944393,171,3,0,1,0,1,0
219944548,171,3,1,1,0,1,0
219944608,171,3,0,1,0,1,0
219944609,163,3,0,1,0,1,0
219944611,0,3,0,0,0,1,0
219944613,16,3,0,0,0,1,0
219944618,16,3,0,1,0,1,0
219944653,16,3,0,0,0,1,0
219944705,16,3,0,1,0,1,0
219944860,16,3,1,1,0,1,0
219944921,16,3,0,1,0,1,0
219944922,128,3,0,1,0,1,0
219944931,238,3,0,1,0,1,0
219944965,238,3,0,0,0,1,0
219945018,238,3,0,1,0,1,0
219945172,238,3,1,1,0,1,0
219945233,238,3,0,1,0,1,0
219945234,232,3,0,0,0,1,0
219945243,249,3,0,1,0,1,0
219945277,249,3,0,0,0,1,0
219945330,249,3,0,1,0,1,0
219945579,249,3,1,1,0,1,0
219945639,249,3,0,1,0,1,0
219945640,9,3,0,1,0,1,0
219945643,11,3,0,0,0,1,0
219945649,11,3,0,1,0,1,0
219945683,11,3,0,0,0,1,0
219945736,11,3,0,1,0,1,0
219945891,11,3,1,1,0,1,0
219945952,11,3,0,1,0,1,0
219945962,13,3,0,1,0,1,0
219945996,13,3,0,0,0,1,0
219946049,13,3,0,1,0,1,0
219946203,13,3,1,1,0,1,0
219946264,13,3,0,1,0,1,0
219946265,8,3,0,0,0,1,0
219946267,0,3,0,0,0,1,0
219946268,0,3,0,1,0,1,0
219946269,0,3,0,0,0,1,0
219946274,0,3,0,1,0,1,0
219946308,0,3,0,0,0,1,0
219946361,0,3,0,1,0,1,0
219946516,0,3,1,1,0,1,0
219946577,0,3,0,1,0,1,0
219946587,10,3,0,1,0,1,0
219946621,10,3,0,0,0,1,0
219946674,10,3,0,1,0,1,0
219946828,10,3,1,1,0,1,0
219946889,10,3,0,1,0,1,0
219946890,2,3,0,1,0,1,0
219946899,226,3,0,1,0,1,0
219946933,226,3,0,0,0,1,0
219946986,226,3,0,1,0,1,0
219947234,226,3,1,1,0,1,0
219947295,226,3,0,1,0,1,0
219947296,2,3,0,1,0,1,0
219947305,14,3,0,1,0,1,0
219947339,14,3,0,0,0,1,0
219947392,14,3,0,1,0,1,0
219947547,14,3,1,1,0,1,0
219947607,14,3,0,1,0,1,0
219947608,8,3,0,1,0,1,0
219947609,136,3,0,0,0,1,0
219947617,136,3,0,1,0,1,0
219947652,136,3,0,0,0,1,0
219947705,136,3,0,1,0,1,0
219947859,136,3,1,1,0,1,0
219947920,136,3,0,1,0,1,0
219947921,0,3,0,1,0,1,0
219947930,68,3,0,1,0,1,0
219947964,68,3,0,0,0,1,0
219948017,68,3,0,1,0,1,0
219948172,68,3,1,1,0,1,0
219948232,68,3,0,1,0,1,0
219948233,0,3,0,1,0,1,0
219948242,32,3,0,1,0,1,0
219948276,32,3,0,0,0,1,0
219948330,32,3,0,1,0,1,0
219948484,32,3,1,1,0,1,0
219948545,32,3,0,1,0,1,0
219948546,44,3,0,1,0,1,0
219948555,188,3,0,1,0,1,0
219948589,188,3,0,0,0,1,0
219948642,188,3,0,1,0,1,0
219948797,188,3,1,1,0,1,0
219948857,188,3,0,1,0,1,0
219948858,168,3,0,0,0,1,0
219948867,169,3,0,1,0,1,0
219948901,169,3,0,0,0,1,0
219948954,169,3,0,1,0,1,0
219949203,169,3,1,1,0,1,0
219949263,169,3,0,1,0,1,0
219949264,160,3,0,1,0,1,0
219949265,176,3,0,0,0,1,0
219949273,176,3,0,1,0,1,0
219949307,176,3,0,0,0,1,0
219949361,176,3,0,1,0,1,0
219949515,176,3,1,1,0,1,0
219949576,176,3,0,1,0,1,0
219949586,32,3,0,1,0,1,0
219949620,32,3,0,0,0,1,0
219949673,32,3,0,1,0,1,0
219949828,32,3,1,1,0,1,0
219949889,32,3,0,1,0,1,0
219949898,181,3,0,1,0,1,0
219949932,181,3,0,0,0,1,0
219949985,181,3,0,1,0,1,0
219950140,181,3,1,1,0,1,0
219950200,181,3,0,1,0,1,0
219950201,177,3,0,1,0,1,0
219950202,161,3,0,0,0,1,0
219950211,169,3,0,1,0,1,0
219950245,169,3,0,0,0,1,0
219950298,169,3,0,1,0,1,0
219950453,169,3,1,1,0,1,0
219950513,169,3,0,1,0,1,0
219950514,160,3,0,1,0,1,0
219950523,176,3,0,1,0,1,0
219950557,176,3,0,0,0,1,0
219950610,176,3,0,1,0,1,0
219950765,176,3,1,1,0,1,0
219950825,176,3,0,1,0,1,0
219950835,32,3,0,1,0,1,0
219950869,32,3,0,0,0,1,0
219950923,32,3,0,1,0,1,0
219951171,32,3,1,1,0,1,0
219951232,32,3,0,1,0,1,0
219951241,189,3,0,1,0,1,0
219951276,189,3,0,0,0,1,0
219951329,189,3,0,1,0,1,0
219951484,189,3,1,1,0,1,0
219951544,189,3,0,1,0,1,0
219951545,157,3,0,1,0,1,0
219951546,223,3,0,0,0,1,0
219951554,223,3,0,1,0,1,0
219951588,223,3,0,0,0,1,0
219951641,223,3,0,1,0,1,0
219951796,223,3,1,1,0,1,0
219951856,223,3,0,1,0,1,0
219951857,202,3,0,1,0,1,0
219951858,202,3,0,0,0,1,0
219951866,202,3,0,1,0,1,0
219951900,202,3,0,0,0,1,0
219951954,202,3,0,1,0,1,0
219952108,202,3,1,1,0,1,0
219952169,202,3,0,1,0,1,0
219952179,158,3,0,1,0,1,0
219952213,158,3,0,0,0,1,0
219952266,158,3,0,1,0,1,0
219952421,158,3,1,1,0,1,0
219952481,158,3,0,1,0,1,0
219952482,14,3,0,1,0,1,0
219952483,14,3,0,0,0,1,0
219952491,14,3,0,1,0,1,0
219952526,14,3,0,0,0,1,0
219952579,14,3,0,1,0,1,0
219952733,14,3,1,1,0,1,0
219952793,14,3,0,1,0,1,0
219952794,2,3,0,1,0,1,0
219952795,33,3,0,0,0,1,0
219952804,33,3,0,1,0,1,0
219952838,33,3,0,0,0,1,0
219952891,33,3,0,1,0,1,0
219953139,33,3,1,1,0,1,0
219953200,33,3,0,1,0,1,0
219953201,1,3,0,1,0,1,0
219953202,1,3,0,0,0,1,0
219953210,1,3,0,1,0,1,0
219953244,1,3,0,0,0,1,0
219953297,1,3,0,1,0,1,0
219953452,1,3,1,1,0,1,0
219953512,1,3,0,1,0,1,0
219953513,0,3,0,1,0,1,0
219953522,250,3,0,1,0,1,0
219953556,250,3,0,0,0,1,0
219953610,250,3,0,1,0,1,0
219953764,250,3,1,1,0,1,0
219953825,250,3,0,1,0,1,0
219953829,0,3,0,0,0,1,0
219953834,0,3,0,1,0,1,0
219953869,0,3,0,0,0,1,0
219953922,0,3,0,1,0,1,0
219954077,0,3,1,1,0,1,0
219954138,0,3,0,1,0,1,0
219954147,33,3,0,1,0,1,0
219954181,33,3,0,0,0,1,0
219954235,33,3,0,1,0,1,0
219954389,33,3,1,1,0,1,0
219954449,33,3,0,1,0,1,0
219954450,0,3,0,1,0,1,0
219954452,0,3,0,0,0,1,0
219954459,0,3,0,1,0,1,0
219954494,0,3,0,0,0,1,0
219954547,0,3,0,1,0,1,0
219954795,0,3,1,1,0,1,0
219954856,0,3,0,1,0,1,0
219954865,2,3,0,1,0,1,0
219954900,2,3,0,0,0,1,0
219954953,2,3,0,1,0,1,0
219955108,2,3,1,1,0,1,0
219955168,2,3,0,1,0,1,0
219955178,0,3,0,1,0,1,0
219955212,0,3,0,0,0,1,0
219955266,0,3,0,1,0,1,0
219955420,0,3,1,1,0,1,0
219955481,0,3,0,1,0,1,0
219955490,186,3,0,1,0,1,0
219955524,186,3,0,0,0,1,0
219955578,186,3,0,1,0,1,0
219955733,186,3,1,1,0,1,0
219955793,186,3,0,1,0,1,0
219955794,16,3,0,0,0,1,0
219955796,17,3,0,0,0,1,0
219955803,17,3,0,1,0,1,0
219955837,17,3,0,0,0,1,0
219955890,17,3,0,1,0,1,0
219956045,17,3,1,1,0,1,0
219956105,17,3,0,1,0,1,0
219956115,0,3,0,1,0,1,0
219956149,0,3,0,0,0,1,0
219956203,0,3,0,1,0,1,0
219956358,0,3,1,1,0,1,0
219956418,0,3,0,1,0,1,0
219956427,144,3,0,1,0,1,0
219956462,144,3,0,0,0,1,0
219956515,144,3,0,1,0,1,0
219956764,144,3,1,1,0,1,0
219956824,144,3,0,1,0,1,0
219956825,133,3,0,1,0,1,0
219956834,141,3,0,1,0,1,0
219956868,141,3,0,0,0,1,0
219956922,141,3,0,1,0,1,0
219957076,141,3,1,1,0,1,0
219957136,141,3,0,1,0,1,0
219957138,1,3,0,0,0,1,0
219957139,65,3,0,0,0,1,0
219957146,65,3,0,1,0,1,0
219957180,65,3,0,0,0,1,0
219957234,65,3,0,1,0,1,0
219957389,65,3,1,1,0,1,0
219957448,65,3,0,1,0,1,0
219957449,64,3,0,1,0,1,0
219957459,158,3,0,1,0,1,0
219957493,158,3,0,0,0,1,0
219957546,158,3,0,1,0,1,0
219957701,158,3,1,1,0,1,0
219957761,158,3,0,1,0,1,0
219957762,8,3,0,0,0,1,0
219957764,8,3,0,1,0,1,0
219957765,8,3,0,0,0,1,0
219957771,8,3,0,1,0,1,0
219957805,8,3,0,0,0,1,0
219957859,8,3,0,1,0,1,0
219958013,8,3,1,1,0,1,0
219958073,8,3,0,1,0,1,0
219958074,0,3,0,1,0,1,0
219958083,149,3,0,1,0,1,0
219958118,149,3,0,0,0,1,0
219958171,149,3,0,1,0,1,0
219958326,149,3,1,1,0,1,0
219958386,149,3,0,1,0,1,0
219958396,196,3,0,1,0,1,0
219958430,196,3,0,0,0,1,0
219958484,196,3,0,1,0,1,0
219958732,196,3,1,1,0,1,0
219958824,196,3,0,1,0,1,0
219958825,215,3,0,1,0,1,0
219958833,223,3,0,1,0,1,0
219958867,223,3,0,0,0,1,0
219958921,223,3,0,1,0,1,0
219959045,223,3,1,1,0,1,0
219959104,223,3,0,1,0,1,0
219959105,213,3,0,1,0,1,0
219959106,213,3,0,0,0,1,0
219959114,213,3,0,1,0,1,0
219959149,213,3,0,0,0,1,0
219959202,213,3,0,1,0,1,0
219959357,213,3,1,1,0,1,0
219959417,213,3,0,1,0,1,0
219959418,156,3,0,1,0,1,0
219959427,158,3,0,1,0,1,0
219959461,158,3,0,0,0,1,0
219959515,158,3,0,1,0,1,0
219959669,158,3,1,1,0,1,0
219959729,158,3,0,1,0,1,0
219959739,14,3,0,1,0,1,0
219959773,14,3,0,0,0,1,0
219959827,14,3,0,1,0,1,0
219959982,14,3,1,1,0,1,0
219960073,14,3,0,1,0,1,0
219960074,44,3,0,1,0,1,0
219960075,33,3,0,0,0,1,0
219960083,33,3,0,1,0,1,0
219960117,33,3,0,0,0,1,0
219960171,33,3,0,1,0,1,0
219960388,33,3,1,1,0,1,0
219960448,33,3,0,1,0,1,0
219960458,9,3,0,1,0,1,0
219960492,9,3,0,0,0,1,0
219960546,9,3,0,1,0,1,0
219960700,9,3,1,1,0,1,0
219960760,9,3,0,1,0,1,0
219960761,8,3,0,1,0,1,0
219960770,250,3,0,1,0,1,0
219960804,250,3,0,0,0,1,0
219960858,250,3,0,1,0,1,0
219961013,250,3,1,1,0,1,0
219961073,250,3,0,1,0,1,0
219961077,0,3,0,0,0,1,0
219961082,0,3,0,1,0,1,0
219961117,0,3,0,0,0,1,0
219961171,0,3,0,1,0,1,0
219961325,0,3,1,1,0,1,0
219961386,0,3,0,1,0,1,0
219961395,171,3,0,1,0,1,0
219961429,171,3,0,0,0,1,0
219961483,171,3,0,1,0,1,0
219961638,171,3,1,1,0,1,0
219961697,171,3,0,1,0,1,0
219961698,128,3,0,1,0,1,0
219961699,192,3,0,0,0,1,0
219961701,208,3,0,0,0,1,0
219961707,208,3,0,1,0,1,0
219961742,208,3,0,0,0,1,0
219961795,208,3,0,1,0,1,0
219961950,208,3,1,1,0,1,0
219962010,208,3,0,1,0,1,0
219962011,137,3,0,1,0,1,0
219962020,141,3,0,1,0,1,0
219962054,141,3,0,0,0,1,0
219962108,141,3,0,1,0,1,0
219962356,141,3,1,1,0,1,0
219962416,141,3,0,1,0,1,0
219962417,1,3,0,0,0,1,0
219962418,65,3,0,0,0,1,0
219962426,65,3,0,1,0,1,0
219962460,65,3,0,0,0,1,0
219962514,65,3,0,1,0,1,0
219962669,65,3,1,1,0,1,0
219962728,65,3,0,1,0,1,0
219962729,0,3,0,1,0,1,0
219962738,158,3,0,1,0,1,0
219962773,158,3,0,0,0,1,0
219962798,158,3,0,1,0,1,0
219962981,158,3,1,1,0,1,0
219963041,158,3,0,1,0,1,0
219963042,8,3,0,0,0,1,0
219963044,8,3,0,1,0,1,0
219963045,8,3,0,0,0,1,0
219963051,8,3,0,1,0,1,0
219963085,8,3,0,0,0,1,0
219963139,8,3,0,1,0,1,0
219963294,8,3,1,1,0,1,0
219963354,8,3,0,1,0,1,0
219963363,169,3,0,1,0,1,0
219963397,169,3,0,0,0,1,0
219963422,169,3,0,1,0,1,0
219963606,169,3,1,1,0,1,0
219963666,169,3,0,1,0,1,0
219963675,189,3,0,1,0,1,0
219963710,189,3,0,0,0,1,0
219963733,189,3,0,1,0,1,0
219963919,189,3,1,1,0,1,0
219963978,189,3,0,1,0,1,0
219963981,139,3,0,0,0,1,0
219963988,139,3,0,1,0,1,0
219964022,139,3,0,0,0,1,0
219964050,139,3,0,1,0,1,0
219964325,139,3,1,1,0,1,0
219964384,139,3,0,1,0,1,0
219964385,136,3,0,1,0,1,0
219964394,188,3,0,1,0,1,0
219964428,188,3,0,0,0,1,0
219964452,188,3,0,1,0,1,0
219964637,188,3,1,1,0,1,0
219964696,188,3,0,1,0,1,0
219964697,156,3,0,1,0,1,0
219964699,158,3,0,0,0,1,0
219964706,158,3,0,1,0,1,0
219964741,158,3,0,0,0,1,0
219964764,158,3,0,1,0,1,0
219964950,158,3,1,1,0,1,0
219965009,158,3,0,1,0,1,0
219965010,8,3,0,0,0,1,0
219965012,9,3,0,1,0,1,0
219965013,9,3,0,0,0,1,0
219965019,9,3,0,1,0,1,0
219965053,9,3,0,0,0,1,0
219965078,9,3,0,1,0,1,0
219965262,9,3,1,1,0,1,0
219965321,9,3,0,1,0,1,0
219965322,8,3,0,1,0,1,0
219965331,12,3,0,1,0,1,0
219965366,12,3,0,0,0,1,0
219965389,12,3,0,1,0,1,0
219965574,12,3,1,1,0,1,0
219965634,12,3,0,1,0,1,0
219965635,200,3,0,0,0,1,0
219965644,200,3,0,1,0,1,0
219965678,200,3,0,0,0,1,0
219965702,200,3,0,1,0,1,0
219965981,200,3,1,1,0,1,0
219966040,200,3,0,1,0,1,0
219966050,169,3,0,1,0,1,0
219966084,169,3,0,0,0,1,0
219966108,169,3,0,1,0,1,0
219966293,169,3,1,1,0,1,0
219966352,169,3,0,1,0,1,0
219966353,128,3,0,1,0,1,0
219966355,192,3,0,0,0,1,0
219966362,192,3,0,1,0,1,0
219966396,192,3,0,0,0,1,0
219966420,192,3,0,1,0,1,0
219966605,192,3,1,1,0,1,0
219966665,192,3,0,1,0,1,0
219966675,232,3,0,1,0,1,0
219966709,232,3,0,0,0,1,0
219966733,232,3,0,1,0,1,0
219966918,232,3,1,1,0,1,0
219966978,232,3,0,1,0,1,0
219966987,251,3,0,1,0,1,0
219967021,251,3,0,0,0,1,0
219967045,251,3,0,1,0,1,0
219967230,251,3,1,1,0,1,0
219967290,251,3,0,1,0,1,0
219967291,32,3,0,0,0,1,0
219967292,32,3,0,1,0,1,0
219967293,32,3,0,0,0,1,0
219967299,32,3,0,1,0,1,0
219967334,32,3,0,0,0,1,0
219967357,32,3,0,1,0,1,0
219967543,32,3,1,1,0,1,0
219967602,32,3,0,1,0,1,0
219967603,128,3,0,1,0,1,0
219967612,136,3,0,1,0,1,0
219967646,136,3,0,0,0,1,0
219967670,136,3,0,1,0,1,0
219967949,136,3,1,1,0,1,0
219968009,136,3,0,1,0,1,0
219968018,140,3,0,1,0,1,0
219968052,140,3,0,0,0,1,0
219968076,140,3,0,1,0,1,0
219968261,140,3,1,1,0,1,0
219968320,140,3,0,1,0,1,0
219968321,132,3,0,1,0,1,0
219968322,132,3,0,0,0,1,0
219968330,132,3,0,1,0,1,0
219968365,132,3,0,0,0,1,0
219968388,132,3,0,1,0,1,0
219968574,132,3,1,1,0,1,0
219968634,132,3,0,1,0,1,0
219968643,158,3,0,1,0,1,0
219968677,158,3,0,0,0,1,0
219968701,158,3,0,1,0,1,0
219968886,158,3,1,1,0,1,0
219968945,158,3,0,1,0,1,0
219968946,6,3,0,1,0,1,0
219968947,6,3,0,0,0,1,0
219968955,6,3,0,1,0,1,0
219968990,6,3,0,0,0,1,0
219969013,6,3,0,1,0,1,0
219969199,6,3,1,1,0,1,0
219969258,6,3,0,1,0,1,0
219969259,222,3,0,1,0,1,0
219969268,223,3,0,1,0,1,0
219969302,223,3,0,0,0,1,0
219969326,223,3,0,1,0,1,0
219969511,223,3,1,1,0,1,0
219969570,223,3,0,1,0,1,0
219969571,208,3,0,0,0,1,0
219969580,240,3,0,1,0,1,0
219969614,240,3,0,0,0,1,0
219969638,240,3,0,1,0,1,0
219969917,240,3,1,1,0,1,0
219969976,240,3,0,1,0,1,0
219969977,160,3,0,1,0,1,0
219969986,169,3,0,1,0,1,0
219970020,169,3,0,0,0,1,0
219970044,169,3,0,1,0,1,0
219970230,169,3,1,1,0,1,0
219970289,169,3,0,1,0,1,0
219970292,128,3,0,0,0,1,0
219970298,128,3,0,1,0,1,0
219970333,128,3,0,0,0,1,0
219970357,128,3,0,1,0,1,0
219970542,128,3,1,1,0,1,0
219970602,128,3,0,1,0,1,0
219970611,232,3,0,1,0,1,0
219970645,232,3,0,0,0,1,0
219970669,232,3,0,1,0,1,0
219970855,232,3,1,1,0,1,0
219970914,232,3,0,1,0,1,0
219970923,250,3,0,1,0,1,0
219970957,250,3,0,0,0,1,0
219970981,250,3,0,1,0,1,0
219971167,250,3,1,1,0,1,0
219971226,250,3,0,1,0,1,0
219971229,48,3,0,1,0,1,0
219971236,52,3,0,1,0,1,0
219971270,52,3,0,0,0,1,0
219971294,52,3,0,1,0,1,0
219971479,52,3,1,1,0,1,0
219971538,52,3,0,1,0,1,0
219971539,4,3,0,1,0,1,0
219971548,14,3,0,1,0,1,0
219971583,14,3,0,0,0,1,0
219971606,14,3,0,1,0,1,0
219971886,14,3,1,1,0,1,0
219971944,14,3,0,1,0,1,0
219971945,0,3,0,1,0,1,0
219971947,0,3,0,0,0,1,0
219971948,0,3,0,1,0,1,0
219971949,0,3,0,0,0,1,0
219971954,0,3,0,1,0,1,0
219971989,0,3,0,0,0,1,0
219972012,0,3,0,1,0,1,0
219972198,0,3,1,1,0,1,0
219972257,0,3,0,1,0,1,0
219972258,8,3,0,1,0,1,0
219972267,89,3,0,1,0,1,0
219972301,89,3,0,0,0,1,0
219972325,89,3,0,1,0,1,0
219972510,89,3,1,1,0,1,0
219972569,89,3,0,1,0,1,0
219972570,9,3,0,1,0,1,0
219972579,141,3,0,1,0,1,0
219972614,141,3,0,0,0,1,0
219972637,141,3,0,1,0,1,0
219972823,141,3,1,1,0,1,0
219972882,141,3,0,1,0,1,0
219972883,228,3,0,0,0,1,0
219972892,228,3,0,1,0,1,0
219972926,228,3,0,0,0,1,0
219972950,228,3,0,1,0,1,0
219973135,228,3,1,1,0,1,0
219973195,228,3,0,1,0,1,0
219973204,230,3,0,1,0,1,0
219973238,230,3,0,0,0,1,0
219973262,230,3,0,1,0,1,0
219973542,230,3,1,1,0,1,0
219973600,230,3,0,1,0,1,0
219973601,2,3,0,0,0,1,0
219973603,3,3,0,0,0,1,0
219973610,3,3,0,1,0,1,0
219973644,3,3,0,0,0,1,0
219973668,3,3,0,1,0,1,0
219973854,3,3,1,1,0,1,0
219973913,3,3,0,1,0,1,0
219973923,32,3,0,1,0,1,0
219973957,32,3,0,0,0,1,0
219973981,32,3,0,1,0,1,0
219974166,32,3,1,1,0,1,0
219974226,32,3,0,1,0,1,0
219974235,232,3,0,1,0,1,0
219974269,232,3,0,0,0,1,0
219974293,232,3,0,1,0,1,0
219974479,232,3,1,1,0,1,0
219974537,232,3,0,1,0,1,0
219974538,168,3,0,1,0,1,0
219974547,169,3,0,1,0,1,0
219974581,169,3,0,0,0,1,0
219974606,169,3,0,1,0,1,0
219974791,169,3,1,1,0,1,0
219974850,169,3,0,1,0,1,0
219974851,224,3,0,0,0,1,0
219974860,224,3,0,1,0,1,0
219974894,224,3,0,0,0,1,0
219974918,224,3,0,1,0,1,0
219975104,224,3,1,1,0,1,0
219975163,224,3,0,1,0,1,0
219975172,232,3,0,1,0,1,0
219975206,232,3,0,0,0,1,0
219975230,232,3,0,1,0,1,0
219975510,232,3,1,1,0,1,0
219975568,232,3,0,1,0,1,0
219975569,0,3,0,1,0,1,0
219975572,2,3,0,0,0,1,0
219975578,2,3,0,1,0,1,0
219975613,2,3,0,0,0,1,0
219975637,2,3,0,1,0,1,0
219975822,2,3,1,1,0,1,0
219975881,2,3,0,1,0,1,0
219975882,38,3,0,1,0,1,0
219975891,127,3,0,1,0,1,0
219975925,127,3,0,0,0,1,0
219975949,127,3,0,1,0,1,0
219976135,127,3,1,1,0,1,0
219976193,127,3,0,1,0,1,0
219976194,38,3,0,1,0,1,0
219976197,4,3,0,0,0,1,0
219976203,4,3,0,1,0,1,0
219976238,4,3,0,0,0,1,0
219976261,4,3,0,1,0,1,0
219976447,4,3,1,1,0,1,0
219976505,4,3,0,1,0,1,0
219976506,0,3,0,1,0,1,0
219976507,161,3,0,0,0,1,0
219976516,161,3,0,1,0,1,0
219976550,161,3,0,0,0,1,0
219976574,161,3,0,1,0,1,0
219976760,161,3,1,1,0,1,0
219976818,161,3,0,1,0,1,0
219976819,32,3,0,1,0,1,0
219976828,48,3,0,1,0,1,0
219976862,48,3,0,0,0,1,0
219976886,48,3,0,1,0,1,0
219977072,48,3,1,1,0,1,0
219977130,48,3,0,1,0,1,0
219977131,32,3,0,1,0,1,0
219977140,162,3,0,1,0,1,0
219977174,162,3,0,0,0,1,0
219977199,162,3,0,1,0,1,0
219977478,162,3,1,1,0,1,0
219977568,162,3,0,1,0,1,0
219977569,130,3,0,1,0,1,0
219977578,135,3,0,1,0,1,0
219977612,135,3,0,0,0,1,0
219977636,135,3,0,1,0,1,0
219977791,135,3,1,1,0,1,0
219977849,135,3,0,1,0,1,0
219977851,2,3,0,0,0,1,0
219977852,2,3,0,1,0,1,0
219977853,2,3,0,0,0,1,0
219977859,10,3,0,1,0,1,0
219977893,10,3,0,0,0,1,0
219977917,10,3,0,1,0,1,0
219978103,10,3,1,1,0,1,0
219978161,10,3,0,1,0,1,0
219978171,8,3,0,1,0,1,0
219978206,8,3,0,0,0,1,0
219978230,8,3,0,1,0,1,0
219978416,8,3,1,1,0,1,0
219978474,8,3,0,1,0,1,0
219978484,13,3,0,1,0,1,0
219978518,13,3,0,0,0,1,0
219978542,13,3,0,1,0,1,0
219978728,13,3,1,1,0,1,0
219978827,13,3,0,1,0,1,0
219978862,13,3,0,0,0,1,0
219978886,13,3,0,1,0,1,0
219979134,13,3,1,1,0,1,0
219979192,13,3,0,1,0,1,0
219979193,12,3,0,1,0,1,0
219979202,238,3,0,1,0,1,0
219979236,238,3,0,0,0,1,0
219979261,238,3,0,1,0,1,0
219979447,238,3,1,1,0,1,0
219979505,238,3,0,1,0,1,0
219979506,0,3,0,0,0,1,0
219979509,1,3,0,0,0,1,0
219979515,1,3,0,1,0,1,0
219979549,1,3,0,0,0,1,0
219979573,1,3,0,1,0,1,0
219979759,1,3,1,1,0,1,0
219979818,1,3,0,1,0,1,0
219979827,189,3,0,1,0,1,0
219979861,189,3,0,0,0,1,0
219979886,189,3,0,1,0,1,0
219980071,189,3,1,1,0,1,0
219980130,189,3,0,1,0,1,0
219980133,8,3,0,0,0,1,0
219980134,10,3,0,0,0,1,0
219980139,10,3,0,1,0,1,0
219980174,10,3,0,0,0,1,0
219980198,10,3,0,1,0,1,0
219980384,10,3,1,1,0,1,0
219980452,10,3,0,1,0,1,0
219980486,10,3,0,0,0,1,0
219980510,10,3,0,1,0,1,0
219980696,10,3,1,1,0,1,0
219980754,10,3,0,1,0,1,0
219980764,8,3,0,1,0,1,0
219980799,8,3,0,0,0,1,0
219980823,8,3,0,1,0,1,0
219981102,8,3,1,1,0,1,0
219981161,8,3,0,1,0,1,0
219981170,10,3,0,1,0,1,0
219981205,10,3,0,0,0,1,0
219981229,10,3,0,1,0,1,0
219981415,10,3,1,1,0,1,0
219981483,10,3,0,1,0,1,0
219981517,10,3,0,0,0,1,0
219981542,10,3,0,1,0,1,0
219981727,10,3,1,1,0,1,0
219981786,10,3,0,1,0,1,0
219981795,238,3,0,1,0,1,0
219981829,238,3,0,0,0,1,0
219981854,238,3,0,1,0,1,0
219982040,238,3,1,1,0,1,0
219982098,238,3,0,1,0,1,0
219982102,6,3,0,0,0,1,0
219982108,6,3,0,1,0,1,0
219982142,6,3,0,0,0,1,0
219982166,6,3,0,1,0,1,0
219982352,6,3,1,1,0,1,0
219982410,6,3,0,1,0,1,0
219982411,2,3,0,0,0,1,0
219982420,139,3,0,1,0,1,0
219982454,139,3,0,0,0,1,0
219982479,139,3,0,1,0,1,0
219982665,139,3,1,1,0,1,0
219982722,139,3,0,1,0,1,0
219982723,138,3,0,1,0,1,0
219982732,172,3,0,1,0,1,0
219982767,172,3,0,0,0,1,0
219982791,172,3,0,1,0,1,0
219983071,172,3,1,1,0,1,0
219983129,172,3,0,1,0,1,0
219983130,230,3,0,0,0,1,0
219983139,230,3,0,1,0,1,0
219983173,230,3,0,0,0,1,0
219983197,230,3,0,1,0,1,0
219983383,230,3,1,1,0,1,0
219983441,230,3,0,1,0,1,0
219983442,228,3,0,1,0,1,0
219983451,237,3,0,1,0,1,0
219983485,237,3,0,0,0,1,0
219983510,237,3,0,1,0,1,0
219983696,237,3,1,1,0,1,0
219983753,237,3,0,1,0,1,0
219983754,173,3,0,1,0,1,0
219983763,189,3,0,1,0,1,0
219983798,189,3,0,0,0,1,0
219983822,189,3,0,1,0,1,0
219984008,189,3,1,1,0,1,0
219984066,189,3,0,1,0,1,0
219984067,160,3,0,0,0,1,0
219984069,224,3,0,0,0,1,0
219984076,224,3,0,1,0,1,0
219984110,224,3,0,0,0,1,0
219984135,224,3,0,1,0,1,0
219984321,224,3,1,1,0,1,0
219984378,224,3,0,1,0,1,0
219984379,160,3,0,1,0,1,0
219984388,189,3,0,1,0,1,0
219984422,189,3,0,0,0,1,0
219984447,189,3,0,1,0,1,0
219984727,189,3,1,1,0,1,0
219984784,189,3,0,1,0,1,0
219984785,173,3,0,1,0,1,0
219984788,13,3,0,0,0,1,0
219984794,13,3,0,1,0,1,0
219984829,13,3,0,0,0,1,0
219984853,13,3,0,1,0,1,0
219985039,13,3,1,1,0,1,0
219985098,13,3,0,1,0,1,0
219985107,223,3,0,1,0,1,0
219985141,223,3,0,0,0,1,0
219985166,223,3,0,1,0,1,0
219985352,223,3,1,1,0,1,0
219985410,223,3,0,1,0,1,0
219985419,255,3,0,1,0,1,0
219985453,255,3,0,0,0,1,0
219985478,255,3,0,1,0,1,0
219985664,255,3,1,1,0,1,0
219985722,255,3,0,1,0,1,0
219985732,189,3,0,1,0,1,0
219985766,189,3,0,0,0,1,0
219985791,189,3,0,1,0,1,0
219985976,189,3,1,1,0,1,0
219986034,189,3,0,1,0,1,0
219986038,8,3,0,0,0,1,0
219986039,10,3,0,0,0,1,0
219986044,10,3,0,1,0,1,0
219986078,10,3,0,0,0,1,0
219986103,10,3,0,1,0,1,0
219986289,10,3,1,1,0,1,0
219986347,10,3,0,1,0,1,0
219986356,127,3,0,1,0,1,0
219986391,127,3,0,0,0,1,0
219986415,127,3,0,1,0,1,0
219986695,127,3,1,1,0,1,0
219986753,127,3,0,1,0,1,0
219986757,6,3,0,0,0,1,0
219986763,6,3,0,1,0,1,0
219986797,6,3,0,0,0,1,0
219986822,6,3,0,1,0,1,0
219987007,6,3,1,1,0,1,0
219987066,6,3,0,1,0,1,0
219987075,158,3,0,1,0,1,0
219987109,158,3,0,0,0,1,0
219987134,158,3,0,1,0,1,0
219987320,158,3,1,1,0,1,0
219987378,158,3,0,1,0,1,0
219987379,8,3,0,0,0,1,0
219987381,8,3,0,1,0,1,0
219987382,8,3,0,0,0,1,0
219987387,8,3,0,1,0,1,0
219987422,8,3,0,0,0,1,0
219987447,8,3,0,1,0,1,0
219987632,8,3,1,1,0,1,0
219987691,8,3,0,1,0,1,0
219987700,189,3,0,1,0,1,0
219987734,189,3,0,0,0,1,0
219987759,189,3,0,1,0,1,0
219987945,189,3,1,1,0,1,0
219988002,189,3,0,1,0,1,0
219988003,136,3,0,1,0,1,0
219988005,138,3,0,0,0,1,0
219988012,138,3,0,1,0,1,0
219988046,138,3,0,0,0,1,0
219988071,138,3,0,1,0,1,0
219988257,138,3,1,1,0,1,0
219988315,138,3,0,1,0,1,0
219988325,171,3,0,1,0,1,0
219988359,171,3,0,0,0,1,0
219988384,171,3,0,1,0,1,0
219988663,171,3,1,1,0,1,0
219988721,171,3,0,1,0,1,0
219988722,165,3,0,1,0,1,0
219988731,245,3,0,1,0,1,0
219988765,245,3,0,0,0,1,0
219988790,245,3,0,1,0,1,0
219988976,245,3,1,1,0,1,0
219989033,245,3,0,1,0,1,0
219989034,20,3,0,1,0,1,0
219989035,28,3,0,0,0,1,0
219989036,28,3,0,1,0,1,0
219989037,28,3,0,0,0,1,0
219989043,28,3,0,1,0,1,0
219989078,28,3,0,0,0,1,0
219989102,28,3,0,1,0,1,0
219989288,28,3,1,1,0,1,0
219989346,28,3,0,1,0,1,0
219989347,249,3,0,0,0,1,0
219989356,249,3,0,1,0,1,0
219989390,249,3,0,0,0,1,0
219989415,249,3,0,1,0,1,0
219989601,249,3,1,1,0,1,0
219989658,249,3,0,1,0,1,0
219989659,8,3,0,1,0,1,0
219989663,8,3,0,0,0,1,0
219989668,8,3,0,1,0,1,0
219989702,8,3,0,0,0,1,0
219989727,8,3,0,1,0,1,0
219989913,8,3,1,1,0,1,0
219989971,8,3,0,1,0,1,0
219989980,2,3,0,1,0,1,0
219990015,2,3,0,0,0,1,0
219990040,2,3,0,1,0,1,0
219990226,2,3,1,1,0,1,0
219990283,2,3,0,1,0,1,0
219990284,0,3,0,1,0,1,0
219990293,189,3,0,1,0,1,0
219990327,189,3,0,0,0,1,0
219990352,189,3,0,1,0,1,0
219990632,189,3,1,1,0,1,0
219990689,189,3,0,1,0,1,0
219990692,49,3,0,0,0,1,0
219990699,113,3,0,1,0,1,0
219990733,113,3,0,0,0,1,0
219990758,113,3,0,1,0,1,0
219990944,113,3,1,1,0,1,0
219991001,113,3,0,1,0,1,0
219991002,49,3,0,1,0,1,0
219991011,189,3,0,1,0,1,0
219991045,189,3,0,0,0,1,0
219991071,189,3,0,1,0,1,0
219991257,189,3,1,1,0,1,0
219991314,189,3,0,1,0,1,0
219991317,32,3,0,0,0,1,0
219991318,32,3,0,1,0,1,0
219991324,96,3,0,1,0,1,0
219991358,96,3,0,0,0,1,0
219991383,96,3,0,1,0,1,0
219991569,96,3,1,1,0,1,0
219991626,96,3,0,1,0,1,0
219991627,32,3,0,1,0,1,0
219991636,189,3,0,1,0,1,0
219991670,189,3,0,0,0,1,0
219991696,189,3,0,1,0,1,0
219991881,189,3,1,1,0,1,0
219991939,189,3,0,1,0,1,0
219991944,128,3,0,0,0,1,0
219991949,128,3,0,1,0,1,0
219991977,128,3,0,0,0,1,0
219991984,128,3,1,0,0,1,0
219992288,128,3,1,1,0,1,0
219992345,128,3,0,1,0,1,0
219992346,52,3,0,1,0,1,0
219992355,118,3,0,1,0,1,0
219992389,118,3,0,0,0,1,0
219992414,118,3,0,1,0,1,0
219992600,118,3,1,1,0,1,0
219992657,118,3,0,1,0,1,0
219992658,0,3,0,1,0,1,0
219992661,1,3,0,0,0,1,0
219992667,9,3,0,1,0,1,0
219992701,9,3,0,0,0,1,0
219992727,9,3,0,1,0,1,0
219992912,9,3,1,1,0,1,0
219992970,9,3,0,1,0,1,0
219992971,248,3,0,1,0,1,0
219992980,250,3,0,1,0,1,0
219993014,250,3,0,0,0,1,0
219993039,250,3,0,1,0,1,0
219993225,250,3,1,1,0,1,0
219993282,250,3,0,1,0,1,0
219993283,0,3,0,1,0,1,0
219993287,0,3,0,0,0,1,0
219993292,0,3,0,1,0,1,0
219993326,0,3,0,0,0,1,0
219993351,0,3,0,1,0,1,0
219993537,0,3,1,1,0,1,0
219993595,0,3,0,1,0,1,0
219993604,33,3,0,1,0,1,0
219993639,33,3,0,0,0,1,0
219993664,33,3,0,1,0,1,0
219993850,33,3,1,1,0,1,0
219993907,33,3,0,1,0,1,0
219993908,8,3,0,1,0,1,0
219993917,10,3,0,1,0,1,0
219993951,10,3,0,0,0,1,0
219993976,10,3,0,1,0,1,0
219994256,10,3,1,1,0,1,0
219994313,10,3,0,1,0,1,0
219994323,2,3,0,1,0,1,0
219994357,2,3,0,0,0,1,0
219994383,2,3,0,1,0,1,0
219994568,2,3,1,1,0,1,0
219994625,2,3,0,1,0,1,0
219994635,0,3,0,1,0,1,0
219994670,0,3,0,0,0,1,0
219994695,0,3,0,1,0,1,0
219994881,0,3,1,1,0,1,0
219994939,0,3,0,1,0,1,0
219994948,127,3,0,1,0,1,0
219994982,127,3,0,0,0,1,0
219995007,127,3,0,1,0,1,0
219995193,127,3,1,1,0,1,0
219995250,127,3,0,1,0,1,0
219995251,30,3,0,1,0,1,0
219995254,30,3,0,0,0,1,0
219995260,30,3,0,1,0,1,0
219995295,30,3,0,0,0,1,0
219995320,30,3,0,1,0,1,0
219995506,30,3,1,1,0,1,0
219995563,30,3,0,1,0,1,0
219995573,28,3,0,1,0,1,0
219995607,28,3,0,0,0,1,0
219995632,28,3,0,1,0,1,0
219995818,28,3,1,1,0,1,0
219995875,28,3,0,1,0,1,0
219995876,16,3,0,0,0,1,0
219995885,241,3,0,1,0,1,0
219995919,241,3,0,0,0,1,0
219995945,241,3,0,1,0,1,0
219996224,241,3,1,1,0,1,0
219996313,241,3,0,1,0,1,0
219996316,0,3,0,0,0,1,0
219996317,8,3,0,0,0,1,0
219996322,8,3,0,1,0,1,0
219996357,8,3,0,0,0,1,0
219996382,8,3,0,1,0,1,0
219996537,8,3,1,1,0,1,0
219996594,8,3,0,1,0,1,0
219996595,2,3,0,0,0,1,0
219996604,2,3,0,1,0,1,0
219996638,2,3,0,0,0,1,0
219996663,2,3,0,1,0,1,0
219996849,2,3,1,1,0,1,0
219996906,2,3,0,1,0,1,0
219996907,0,3,0,1,0,1,0
219996916,169,3,0,1,0,1,0
219996950,169,3,0,0,0,1,0
219996976,169,3,0,1,0,1,0
219997162,169,3,1,1,0,1,0
219997218,169,3,0,1,0,1,0
219997219,161,3,0,1,0,1,0
219997228,245,3,0,1,0,1,0
219997263,245,3,0,0,0,1,0
219997288,245,3,0,1,0,1,0
219997474,245,3,1,1,0,1,0
219997562,245,3,0,1,0,1,0
219997563,133,3,0,1,0,1,0
219997566,133,3,0,0,0,1,0
219997572,141,3,0,1,0,1,0
219997606,141,3,0,0,0,1,0
219997632,141,3,0,1,0,1,0
219997880,141,3,1,1,0,1,0
219997937,141,3,0,1,0,1,0
219997938,4,3,0,1,0,1,0
219997947,36,3,0,1,0,1,0
219997981,36,3,0,0,0,1,0
219998007,36,3,0,1,0,1,0
219998193,36,3,1,1,0,1,0
219998249,36,3,0,1,0,1,0
219998250,4,3,0,1,0,1,0
219998259,158,3,0,1,0,1,0
219998294,158,3,0,0,0,1,0
219998319,158,3,0,1,0,1,0
219998505,158,3,1,1,0,1,0
219998562,158,3,0,1,0,1,0
219998563,6,3,0,0,0,1,0
219998564,6,3,0,1,0,1,0
219998565,6,3,0,0,0,1,0
219998572,6,3,0,1,0,1,0
219998606,6,3,0,0,0,1,0
219998632,6,3,0,1,0,1,0
219998818,6,3,1,1,0,1,0
219998874,6,3,0,1,0,1,0
219998875,0,3,0,1,0,1,0
219998884,248,3,0,1,0,1,0
219998918,248,3,0,0,0,1,0
219998944,248,3,0,1,0,1,0
219999130,248,3,1,1,0,1,0
219999187,248,3,0,1,0,1,0
219999190,145,3,0,0,0,1,0
219999197,145,3,0,1,0,1,0
219999231,145,3,0,0,0,1,0
219999256,145,3,0,1,0,1,0
219999442,145,3,1,1,0,1,0
219999499,145,3,0,1,0,1,0
219999500,129,3,0,1,0,1,0
219999509,141,3,0,1,0,1,0
219999543,141,3,0,0,0,1,0
219999569,141,3,0,1,0,1,0
219999849,141,3,1,1,0,1,0
219999905,141,3,0,1,0,1,0
219999906,4,3,0,1,0,1,0
219999915,36,3,0,1,0,1,0
219999949,36,3,0,0,0,1,0
219999975,36,3,0,1,0,1,0
220000161,36,3,1,1,0,1,0
220000218,36,3,0,1,0,1,0
220000219,158,3,0,0,0,1,0
220000228,158,3,0,1,0,1,0
220000262,158,3,0,0,0,1,0
220000288,158,3,0,1,0,1,0
220000473,158,3,1,1,0,1,0
220000530,158,3,0,1,0,1,0
220000532,8,3,0,0,0,1,0
220000540,8,3,0,1,0,1,0
220000574,8,3,0,0,0,1,0
220000600,8,3,0,1,0,1,0
220000786,8,3,1,1,0,1,0
220000843,8,3,0,1,0,1,0
220000852,62,3,0,1,0,1,0
220000887,62,3,0,0,0,1,0
220000912,62,3,0,1,0,1,0
220001098,62,3,1,1,0,1,0
220001155,62,3,0,1,0,1,0
220001156,40,3,0,0,0,1,0
220001158,32,3,0,0,0,1,0
220001165,32,3,0,1,0,1,0
220001199,32,3,0,0,0,1,0
220001225,32,3,0,1,0,1,0
220001411,32,3,1,1,0,1,0
220001467,32,3,0,1,0,1,0
220001469,0,3,0,1,0,1,0
220001470,0,3,0,0,0,1,0
220001477,0,3,0,1,0,1,0
220001511,0,3,0,0,0,1,0
220001537,0,3,0,1,0,1,0
220001817,0,3,1,1,0,1,0
220001874,0,3,0,1,0,1,0
220001883,98,3,0,1,0,1,0
220001917,98,3,0,0,0,1,0
220001943,98,3,0,1,0,1,0
220002129,98,3,1,1,0,1,0
220002186,98,3,0,1,0,1,0
220002187,102,3,0,1,0,1,0
220002196,111,3,0,1,0,1,0
220002230,111,3,0,0,0,1,0
220002256,111,3,0,1,0,1,0
220002442,111,3,1,1,0,1,0
220002508,111,3,0,1,0,1,0
220002542,111,3,0,0,0,1,0
220002568,111,3,0,1,0,1,0
220002754,111,3,1,1,0,1,0
220002811,111,3,0,1,0,1,0
220002812,116,3,0,0,0,1,0
220002821,116,3,0,1,0,1,0
220002855,116,3,0,0,0,1,0
220002881,116,3,0,1,0,1,0
220003067,116,3,1,1,0,1,0
220003123,116,3,0,1,0,1,0
220003124,0,3,0,0,0,1,0
220003126,2,3,0,0,0,1,0
220003127,10,3,0,0,0,1,0
220003133,10,3,0,1,0,1,0
220003167,10,3,0,0,0,1,0
220003193,10,3,0,1,0,1,0
220003473,10,3,1,1,0,1,0
220003530,10,3,0,1,0,1,0
220003539,63,3,0,1,0,1,0
220003573,63,3,0,0,0,1,0
220003599,63,3,0,1,0,1,0
220003785,63,3,1,1,0,1,0
220003842,63,3,0,1,0,1,0
220003846,10,3,0,0,0,1,0
220003851,10,3,0,1,0,1,0
220003886,10,3,0,0,0,1,0
220003912,10,3,0,1,0,1,0
220004098,10,3,1,1,0,1,0
220004154,10,3,0,1,0,1,0
220004164,0,3,0,1,0,1,0
220004198,0,3,0,0,0,1,0
220004224,0,3,0,1,0,1,0
220004410,0,3,1,1,0,1,0
220004467,0,3,0,1,0,1,0
220004476,68,3,0,1,0,1,0
220004511,68,3,0,0,0,1,0
220004537,68,3,0,1,0,1,0
220004723,68,3,1,1,0,1,0
220004779,68,3,0,1,0,1,0
220004780,73,3,0,0,0,1,0
220004789,73,3,0,1,0,1,0
220004823,73,3,0,0,0,1,0
220004849,73,3,0,1,0,1,0
220005035,73,3,1,1,0,1,0
220005091,73,3,0,1,0,1,0
220005092,65,3,0,1,0,1,0
220005101,83,3,0,1,0,1,0
220005136,83,3,0,0,0,1,0
220005161,83,3,0,1,0,1,0
220005441,83,3,1,1,0,1,0
220005497,83,3,0,1,0,1,0
220005498,67,3,0,1,0,1,0
220005507,75,3,0,1,0,1,0
220005541,75,3,0,0,0,1,0
220005568,75,3,0,1,0,1,0
220005754,75,3,1,1,0,1,0
220005810,75,3,0,1,0,1,0
220005811,0,3,0,1,0,1,0
220005820,32,3,0,1,0,1,0
220005854,32,3,0,0,0,1,0
220005880,32,3,0,1,0,1,0
220006066,32,3,1,1,0,1,0
220006122,32,3,0,1,0,1,0
220006123,0,3,0,1,0,1,0
220006132,69,3,0,1,0,1,0
220006167,69,3,0,0,0,1,0
220006193,69,3,0,1,0,1,0
220006378,69,3,1,1,0,1,0
220006435,69,3,0,1,0,1,0
220006436,82,3,0,0,0,1,0
220006445,82,3,0,1,0,1,0
220006479,82,3,0,0,0,1,0
220006505,82,3,0,1,0,1,0
220006691,82,3,1,1,0,1,0
220006757,82,3,0,1,0,1,0
220006791,82,3,0,0,0,1,0
220006817,82,3,0,1,0,1,0
220007003,82,3,1,1,0,1,0
220007059,82,3,0,1,0,1,0
220007060,66,3,0,1,0,1,0
220007069,79,3,0,1,0,1,0
220007104,79,3,0,0,0,1,0
220007130,79,3,0,1,0,1,0
220007409,79,3,1,1,0,1,0
220007465,79,3,0,1,0,1,0
220007466,67,3,0,1,0,1,0
220007467,82,3,0,0,0,1,0
220007475,82,3,0,1,0,1,0
220007510,82,3,0,0,0,1,0
220007536,82,3,0,1,0,1,0
220007722,82,3,1,1,0,1,0
220007778,82,3,0,1,0,1,0
220007779,2,3,0,1,0,1,0
220007788,10,3,0,1,0,1,0
220007822,10,3,0,0,0,1,0
220007848,10,3,0,1,0,1,0
220008034,10,3,1,1,0,1,0
220008090,10,3,0,1,0,1,0
220008100,0,3,0,1,0,1,0
220008134,0,3,0,0,0,1,0
220008161,0,3,0,1,0,1,0
220008347,0,3,1,1,0,1,0
220008413,0,3,0,1,0,1,0
220008447,0,3,0,0,0,1,0
220008473,0,3,0,1,0,1,0
220008659,0,3,1,1,0,1,0
220008725,0,3,0,1,0,1,0
220008759,0,3,0,0,0,1,0
220008786,0,3,0,1,0,1,0
220008972,0,3,1,1,0,1,0
220009038,0,3,0,1,0,1,0
220009072,0,3,0,0,0,1,0
220009098,0,3,0,1,0,1,0
220009378,0,3,1,1,0,1,0
220009444,0,3,0,1,0,1,0
220009478,0,3,0,0,0,1,0
220009504,0,3,0,1,0,1,0
220009690,0,3,1,1,0,1,0
220009756,0,3,0,1,0,1,0
220009790,0,3,0,0,0,1,0
220009817,0,3,0,1,0,1,0
220010003,0,3,1,1,0,1,0
220010069,0,3,0,1,0,1,0
220010103,0,3,0,0,0,1,0
220010129,0,3,0,1,0,1,0
220010315,0,3,1,1,0,1,0
220010381,0,3,0,1,0,1,0
220010415,0,3,0,0,0,1,0
220010442,0,3,0,1,0,1,0
220010628,0,3,1,1,0,1,0
220010693,0,3,0,1,0,1,0
220010728,0,3,0,0,0,1,0
220010754,0,3,0,1,0,1,0
220011034,0,3,1,1,0,1,0
220011099,0,3,0,1,0,1,0
220011134,0,3,0,0,0,1,0
220011160,0,3,0,1,0,1,0
220011346,0,3,1,1,0,1,0
220011412,0,3,0,1,0,1,0
220011446,0,3,0,0,0,1,0
220011473,0,3,0,1,0,1,0
220011659,0,3,1,1,0,1,0
220011724,0,3,0,1,0,1,0
220011759,0,3,0,0,0,1,0
220011785,0,3,0,1,0,1,0
220011971,0,3,1,1,0,1,0
220012037,0,3,0,1,0,1,0
220012071,0,3,0,0,0,1,0
220012098,0,3,0,1,0,1,0
220012283,0,3,1,1,0,1,0
220012349,0,3,0,1,0,1,0
220012383,0,3,0,0,0,1,0
220012410,0,3,0,1,0,1,0
220012596,0,3,1,1,0,1,0
220012661,0,3,0,1,0,1,0
220012696,0,3,0,0,0,1,0
220012722,0,3,0,1,0,1,0
220013002,0,3,1,1,0,1,0
220013068,0,3,0,1,0,1,0
220013102,0,3,0,0,0,1,0
220013129,0,3,0,1,0,1,0
220013315,0,3,1,1,0,1,0
220013380,0,3,0,1,0,1,0
220013414,0,3,0,0,0,1,0
220013441,0,3,0,1,0,1,0
220013627,0,3,1,1,0,1,0
220013692,0,3,0,1,0,1,0
220013727,0,3,0,0,0,1,0
220013753,0,3,0,1,0,1,0
220013939,0,3,1,1,0,1,0
220014005,0,3,0,1,0,1,0
220014039,0,3,0,0,0,1,0
220014066,0,3,0,1,0,1,0
220014252,0,3,1,1,0,1,0
220014317,0,3,0,1,0,1,0
220014352,0,3,0,0,0,1,0
220014378,0,3,0,1,0,1,0
220014564,0,3,1,1,0,1,0
220014630,0,3,0,1,0,1,0
220014664,0,3,0,0,0,1,0
220014691,0,3,0,1,0,1,0
220014970,0,3,1,1,0,1,0
220015067,0,3,0,1,0,1,0
220015101,0,3,0,0,0,1,0
220015128,0,3,0,1,0,1,0
220015283,0,3,1,1,0,1,0
220015348,0,3,0,1,0,1,0
220015383,0,3,0,0,0,1,0
220015409,0,3,0,1,0,1,0
220015595,0,3,1,1,0,1,0
220015661,0,3,0,1,0,1,0
220015695,0,3,0,0,0,1,0
220015722,0,3,0,1,0,1,0
220015908,0,3,1,1,0,1,0
220015973,0,3,0,1,0,1,0
220016007,0,3,0,0,0,1,0
220016034,0,3,0,1,0,1,0
220016220,0,3,1,1,0,1,0
220016317,0,3,0,1,0,1,0
220016351,0,3,0,0,0,1,0
220016378,0,3,0,1,0,1,0
220016626,0,3,1,1,0,1,0
220016692,0,3,0,1,0,1,0
220016726,0,3,0,0,0,1,0
220016753,0,3,0,1,0,1,0
220016939,0,3,1,1,0,1,0
220017004,0,3,0,1,0,1,0
220017038,0,3,0,0,0,1,0
220017065,0,3,0,1,0,1,0
220017251,0,3,1,1,0,1,0
220017316,0,3,0,1,0,1,0
220017351,0,3,0,0,0,1,0
220017378,0,3,0,1,0,1,0
220017564,0,3,1,1,0,1,0
220017629,0,3,0,1,0,1,0
220017663,0,3,0,0,0,1,0
220017690,0,3,0,1,0,1,0
220017876,0,3,1,1,0,1,0
220017941,0,3,0,1,0,1,0
220017975,0,3,0,0,0,1,0
220018003,0,3,0,1,0,1,0
220018188,0,3,1,1,0,1,0
220018254,0,3,0,1,0,1,0
220018288,0,3,0,0,0,1,0
220018315,0,3,0,1,0,1,0
220018595,0,3,1,1,0,1,0
220018660,0,3,0,1,0,1,0
220018694,0,3,0,0,0,1,0
220018721,0,3,0,1,0,1,0
220018907,0,3,1,1,0,1,0
220018972,0,3,0,1,0,1,0
220019006,0,3,0,0,0,1,0
220019034,0,3,0,1,0,1,0
220019220,0,3,1,1,0,1,0
220019285,0,3,0,1,0,1,0
220019319,0,3,0,0,0,1,0
220019346,0,3,0,1,0,1,0
220019532,0,3,1,1,0,1,0
220019597,0,3,0,1,0,1,0
220019631,0,3,0,0,0,1,0
220019658,0,3,0,1,0,1,0
220019844,0,3,1,1,0,1,0
220019909,0,3,0,1,0,1,0
220019944,0,3,0,0,0,1,0
220019971,0,3,0,1,0,1,0
220020157,0,3,1,1,0,1,0
220020222,0,3,0,1,0,1,0
220020256,0,3,0,0,0,1,0
220020283,0,3,0,1,0,1,0
220020563,0,3,1,1,0,1,0
220020628,0,3,0,1,0,1,0
220020662,0,3,0,0,0,1,0
220020689,0,3,0,1,0,1,0
220020875,0,3,1,1,0,1,0
220020940,0,3,0,1,0,1,0
220020975,0,3,0,0,0,1,0
220021002,0,3,0,1,0,1,0
220021188,0,3,1,1,0,1,0
220021253,0,3,0,1,0,1,0
220021287,0,3,0,0,0,1,0
220021314,0,3,0,1,0,1,0
220021500,0,3,1,1,0,1,0
220021565,0,3,0,1,0,1,0
220021599,0,3,0,0,0,1,0
220021627,0,3,0,1,0,1,0
220021813,0,3,1,1,0,1,0
220021878,0,3,0,1,0,1,0
220021912,0,3,0,0,0,1,0
220021939,0,3,0,1,0,1,0
220022219,0,3,1,1,0,1,0
220022284,0,3,0,1,0,1,0
220022318,0,3,0,0,0,1,0
220022345,0,3,0,1,0,1,0
220022531,0,3,1,1,0,1,0
220022596,0,3,0,1,0,1,0
220022631,0,3,0,0,0,1,0
220022658,0,3,0,1,0,1,0
220022844,0,3,1,1,0,1,0
220022909,0,3,0,1,0,1,0
220022943,0,3,0,0,0,1,0
220022970,0,3,0,1,0,1,0
220023156,0,3,1,1,0,1,0
220023221,0,3,0,1,0,1,0
220023255,0,3,0,0,0,1,0
220023283,0,3,0,1,0,1,0
220023469,0,3,1,1,0,1,0
220023533,0,3,0,1,0,1,0
220023568,0,3,0,0,0,1,0
220023595,0,3,0,1,0,1,0
220023781,0,3,1,1,0,1,0
220023846,0,3,0,1,0,1,0
220023880,0,3,0,0,0,1,0
220023907,0,3,0,1,0,1,0
220024187,0,3,1,1,0,1,0
220024252,0,3,0,1,0,1,0
220024286,0,3,0,0,0,1,0
220024314,0,3,0,1,0,1,0
220024500,0,3,1,1,0,1,0
220024555,0,3,0,1,0,1,0
220024556,37,3,0,1,0,1,0
220024564,45,3,0,1,0,1,0
220024599,45,3,0,0,0,1,0
220024626,45,3,0,1,0,1,0
220027629,45,3,1,1,0,1,0
220027631,45,0,1,1,0,1,0
220027633,45,0,1,0,0,1,0
220029600,45,0,1,1,1,1,0
220029601,37,0,1,1,1,1,0
220029608,45,0,1,1,1,1,0
220029609,37,0,1,1,1,1,0
220029614,45,0,1,1,1,1,0
220029615,37,0,1,1,1,1,0
220029624,45,0,1,1,1,1,0
220029625,37,0,1,1,1,1,0
220029629,45,0,1,1,1,1,0
220029630,37,0,1,1,1,1,0
220029631,45,0,1,1,1,1,0
220029633,37,0,1,1,1,1,0
220029639,45,0,1,1,1,1,0
220029643,37,0,1,1,1,1,0
220029645,45,0,1,1,1,1,0
220029648,37,0,1,1,1,1,0
220029649,45,0,1,1,1,1,0
220029650,37,0,1,1,1,1,0
220029652,45,0,1,1,1,1,0
220029655,37,0,1,1,1,1,0
220029656,45,0,1,1,1,1,0
220029660,37,0,1,1,1,1,0
220029661,45,0,1,1,1,1,0
220029667,37,0,1,1,1,1,0
220029668,45,0,1,1,1,1,0
220029673,37,0,1,1,1,1,0
220029674,45,0,1,1,1,1,0
220029819,37,0,1,1,1,1,0
220029820,33,0,1,1,1,1,0
220029828,37,0,1,1,1,1,0
220029829,33,0,1,1,1,1,0
220029838,37,0,1,1,1,1,0
220029839,33,0,1,1,1,1,0
220029842,37,0,1,1,1,1,0
220029843,33,0,1,1,1,1,0
220029848,37,0,1,1,1,1,0
220029850,33,0,1,1,1,1,0
220029852,37,0,1,1,1,1,0
220029853,33,0,1,1,1,1,0
220029856,37,0,1,1,1,1,0
220029857,33,0,1,1,1,1,0
220029858,37,0,1,1,1,1,0
220029860,33,0,1,1,1,1,0
220029862,37,0,1,1,1,1,0
220029863,33,0,1,1,1,1,0
220029865,37,0,1,1,1,1,0
220029867,33,0,1,1,1,1,0
220029868,37,0,1,1,1,1,0
220029869,33,0,1,1,1,1,0
220029870,37,0,1,1,1,1,0
220029871,33,0,1,1,1,1,0
220029872,37,0,1,1,1,1,0
220029873,33,0,1,1,1,1,0
220029874,37,0,1,1,1,1,0
220029876,33,0,1,1,1,1,0
220029877,37,0,1,1,1,1,0
220029878,33,0,1,1,1,1,0
220029879,37,0,1,1,1,1,0
220029885,33,0,1,1,1,1,0
220029886,37,0,1,1,1,1,0
220029887,33,0,1,1,1,1,0
220029888,37,0,1,1,1,1,0
220029891,33,0,1,1,1,1,0
220029892,37,0,1,1,1,1,0
220029893,33,0,1,1,1,1,0
220029894,37,0,1,1,1,1,0
220029900,33,0,1,1,1,1,0
220029901,37,0,1,1,1,1,0
220029909,33,0,1,1,1,1,0
220029910,37,0,1,1,1,1,0
220029915,33,0,1,1,1,1,0
220029916,37,0,1,1,1,1,0
220030160,33,0,1,1,1,1,0
220030162,32,0,1,1,1,1,0
220030170,33,0,1,1,1,1,0
220030171,32,0,1,1,1,1,0
220030172,33,0,1,1,1,1,0
220030173,32,0,1,1,1,1,0
220030177,33,0,1,1,1,1,0
220030178,32,0,1,1,1,1,0
220030182,33,0,1,1,1,1,0
220030183,32,0,1,1,1,1,0
220030184,33,0,1,1,1,1,0
220030185,32,0,1,1,1,1,0
220030186,33,0,1,1,1,1,0
220030188,32,0,1,1,1,1,0
220030191,33,0,1,1,1,1,0
220030194,32,0,1,1,1,1,0
220030196,33,0,1,1,1,1,0
220030198,32,0,1,1,1,1,0
220030200,33,0,1,1,1,1,0
220030201,32,0,1,1,1,1,0
220030204,33,0,1,1,1,1,0
220030205,32,0,1,1,1,1,0
220030208,33,0,1,1,1,1,0
220030209,32,0,1,1,1,1,0
220030211,33,0,1,1,1,1,0
220030216,32,0,1,1,1,1,0
220030217,33,0,1,1,1,1,0
220030219,32,0,1,1,1,1,0
220030220,33,0,1,1,1,1,0
220030221,32,0,1,1,1,1,0
220030222,33,0,1,1,1,1,0
220030225,32,0,1,1,1,1,0
220030226,33,0,1,1,1,1,0
220030228,32,0,1,1,1,1,0
220030229,33,0,1,1,1,1,0
220030231,32,0,1,1,1,1,0
220030232,33,0,1,1,1,1,0
220030235,32,0,1,1,1,1,0
220030236,0,0,1,1,1,1,0
220030238,33,0,1,1,1,1,0
220030242,32,0,1,1,1,1,0
220030244,33,0,1,1,1,1,0
220030245,32,0,1,1,1,1,0
220030246,0,0,1,1,1,1,0
220030252,32,0,1,1,1,1,0
220030253,0,0,1,1,1,1,0
220030254,32,0,1,1,1,1,0
220030255,0,0,1,1,1,1,0
220030256,32,0,1,1,1,1,0
220030257,0,0,1,1,1,1,0
220030258,1,0,1,1,1,1,0
220030260,32,0,1,1,1,1,0
220030261,0,0,1,1,1,1,0
220030263,32,0,1,1,1,1,0
220030264,0,0,1,1,1,1,0
220030265,32,0,1,1,1,1,0
220030267,0,0,1,1,1,1,0
220030268,33,0,1,1,1,1,0
220030271,32,0,1,1,1,1,0
220030274,0,0,1,1,1,1,0
220030275,32,0,1,1,1,1,0
220030276,0,0,1,1,1,1,0
220030277,32,0,1,1,1,1,0
220030279,0,0,1,1,1,1,0
220030280,33,0,1,1,1,1,0
220030281,32,0,1,1,1,1,0
220030282,0,0,1,1,1,1,0
220030284,32,0,1,1,1,1,0
220030285,0,0,1,1,1,1,0
220030286,32,0,1,1,1,1,0
220030289,0,0,1,1,1,1,0
220030290,32,0,1,1,1,1,0
220030291,0,0,1,1,1,1,0
220030292,32,0,1,1,1,1,0
220030297,0,0,1,1,1,1,0
220030299,32,0,1,1,1,1,0
220030300,0,0,1,1,1,1,0
220030302,32,0,1,1,1,1,0
220030304,0,0,1,1,1,1,0
220030305,32,0,1,1,1,1,0
220030306,0,0,1,1,1,1,0
220030307,32,0,1,1,1,1,0
220030313,0,0,1,1,1,1,0
220030314,32,0,1,1,1,1,0
220030321,0,0,1,1,1,1,0
220030322,32,0,1,1,1,1,0
220030330,0,0,1,1,1,1,0
220030331,33,0,1,1,1,1,0
220030340,0,0,1,1,1,1,0
220030341,32,0,1,1,1,1,0
220030345,0,0,1,1,1,1,0
220030347,32,0,1,1,1,1,0
220053778,0,0,1,1,1,1,0
513513962,0,1,1,1,1,1,0
513513963,0,1,1,1,1,1,0
513513964,0,1,1,1,1,1,0
513513965,0,1,1,1,1,1,0
513513966,0,1,1,1,1,1,0
513513967,0,1,1,1,1,1,0
